reference_label,canonical_id,title,retrieval_date,source_url,pdf_pages,retrieved_file_sha256,source_locator,verification_status,redistribution_status
[223],F001,"Computer Security Technology Planning Study, Volume I",2026-08-01,https://csrc.nist.gov/files/pubs/conference/1998/10/08/proceedings-of-the-21st-nissc-1998/final/docs/early-cs-papers/ande72a.pdf,43,d15dcf55c91487c387770f0473d0d369be35d9084a3c8befa587eb41bccbeb01,PDF pp. 17–18 (report Sec. 4.1.1): reference monitor and reference-validation mechanism; footnote definition of all program references.,"Identity, full text, and locator verified",Full text verified but not redistributed in this repository
[224],F002,The Protection of Information in Computer Systems,2026-08-01,https://doi.org/10.1109/PROC.1975.9939,30,72b0eff7dbd0cec53a4821d3444ef0d1a7a29d75eaaee6d1ef67a1400376d9ba,"Article Sec. I.A.3, PDF pp. 4–5: complete mediation and least privilege among the eight design principles.","Identity, full text, and locator verified",Full text verified but not redistributed in this repository
[225],F003,Programming Semantics for Multiprogrammed Computations,2026-08-01,https://doi.org/10.1145/365230.365252,54,1598dafc372882dae4692ae76a4ce7dee04c38191e9d3800820ec721d4cb3ed5,"MIT report PDF p. 12, Protection section: C-lists and capabilities locating segments and specifying permitted operations.","Identity, full text, and locator verified",Full text verified but not redistributed in this repository
[226],F004,The Confused Deputy (or why capabilities might have been invented),2026-08-01,https://doi.org/10.1145/54289.871709,3,3a431b522c6d572cab27191c6b2839d2c151a3a0d670b3fa20e0fbc0de5432c4,Article pp. 36–38; local PDF p. 2: authority stemming from two sources and the requirement to explicitly designate the authority used.,"Identity, full text, and locator verified",Full text verified but not redistributed in this repository
[227],F005,A Note on the Confinement Problem,2026-08-01,https://doi.org/10.1145/362375.362389,5,42447dffa772c950c230bf01e42b8767cdc8e0bf9fbc1603581c1a7a2ea4df8d,Article pp. 613–615; local PDF pp. 1–4: definition of confinement and transitive leakage channels.,"Identity, full text, and locator verified",Full text verified but not redistributed in this repository
[228],F006,A Lattice Model of Secure Information Flow,2026-08-01,https://doi.org/10.1145/360051.360056,8,9b2ad6cb3b577c40b4a9384d034bc13238723614a110a37609419943e6a17e60,Article pp. 236–243; local PDF pp. 1–3: lattice structure over security classes and secure-flow relations.,"Identity, full text, and locator verified",Full text verified but not redistributed in this repository
[229],F007,A Calculus for Access Control in Distributed Systems,2026-08-01,https://doi.org/10.1145/155183.155225,29,355d4aa3b78d2c576e86ee907d2b7a29532d3a8145ad777d9b29d600ff119b8a,"TOPLAS article Secs. 4–6; PDF p. 13, Sec. 5.1 'The Forms of Delegation': delegation as a primitive and its role in access decisions.","Identity, full text, and locator verified",Full text verified but not redistributed in this repository
[230],F008,The UCONABC Usage Control Model,2026-08-01,https://doi.org/10.1145/984334.984339,47,af3c4e8af37e2278886d3d4b8acb618db241692ef2d0b919fe70c5f89a0dedcd,"Article abstract/introduction and authorization sections; local PDF pp. 1, 13–15: authorizations, obligations, conditions, continuity, mutability, and ongoing checks.","Identity, full text, and locator verified",Full text verified but not redistributed in this repository
[231],F009,Guide to Attribute Based Access Control (ABAC) Definition and Considerations,2026-08-01,https://doi.org/10.6028/NIST.SP.800-162,47,ea90ee967a7011c8de5cfaffe0820d157167edefdea5fc2a84af730af4295cd7,"NIST SP 800-162 Secs. 2.2–2.3, PDF pp. 16–18: subject, object, operation, environment conditions, policy, and decision/enforcement.","Identity, full text, and locator verified",Full text verified but not redistributed in this repository
[232],F010,Provenance-Aware Storage Systems,2026-08-01,https://www.usenix.org/conference/2006-usenix-annual-technical-conference/provenance-aware-storage-systems,14,a393493bf6b7ff131bfec3a0d1a74c7a2083dbd450879284bd94a463de21c38d,"USENIX paper abstract and Sec. 1, PDF pp. 1–2: automatic provenance/lineage collection and complete history/ancestry.","Identity, full text, and locator verified",Full text verified but not redistributed in this repository
[233],F011,Guide to Computer Security Log Management,2026-08-01,https://doi.org/10.6028/NIST.SP.800-92,72,466c3ab1580bc3b2e25d11bbd4b2ac92fd1762b3c5b10596924981bc1b9e61e1,"NIST SP 800-92 Sec. 2, PDF pp. 9–15: logs as records of events and their operational, audit, and forensic uses.","Identity, full text, and locator verified",Full text verified but not redistributed in this repository
[234],F012,Guide for Cybersecurity Event Recovery,2026-08-01,https://doi.org/10.6028/NIST.SP.800-184,53,c03b6245d3ebbe71a5b52072f756504b76f9fd36e8e8c8a71115364b09f2946f,"NIST SP 800-184 Secs. 1.2–3 and recovery examples; PDF pp. 10–11 and 23–26: restoration, validation of recovery capabilities, and improvement.","Identity, full text, and locator verified",Full text verified but not redistributed in this repository
