query_id,route,foundation_family,exact_query_string,execution_date,timezone,returned_card_count,counted_in_identification,raw_export_file,purpose_status,limitations
PILOT-0,Exploratory combined web search,Multiple,"Combined exploratory search across reference monitor, least privilege/capabilities, confused deputy/delegation, and confinement/information flow.",2026-08-01,+08:00,,No,,Pilot discovery only,"Mixed-result pilot; query-level attribution was ambiguous, so no result cards from this run enter PRISMA counts."
QF01,Web search,Reference monitor and complete mediation,"""reference monitor"" ""complete mediation"" Anderson Saltzer Schroeder foundational computer security",2026-08-01,+08:00,11,Yes,foundation_raw_occurrences_126.csv,Formal identification query,"Count is the number of search result cards captured in the structured ledger, not a search-engine total-hit estimate."
QF02,Web search,Least privilege and capability systems,"""Programming semantics for multiprogrammed computations"" capability least privilege Dennis Van Horn foundational",2026-08-01,+08:00,8,Yes,foundation_raw_occurrences_126.csv,Formal identification query,"Count is the number of search result cards captured in the structured ledger, not a search-engine total-hit estimate."
QF03,Web search,Confused deputy and delegation,"""The confused deputy"" delegation ""A calculus for access control in distributed systems"" foundational",2026-08-01,+08:00,10,Yes,foundation_raw_occurrences_126.csv,Formal identification query,"Count is the number of search result cards captured in the structured ledger, not a search-engine total-hit estimate."
QF04,Web search,Information-flow control and confinement,"""A note on the confinement problem"" ""A lattice model of secure information flow"" foundational",2026-08-01,+08:00,11,Yes,foundation_raw_occurrences_126.csv,Formal identification query,"Count is the number of search result cards captured in the structured ledger, not a search-engine total-hit estimate."
QF05,Web search,UCON and ABAC,"""UCONABC usage control model"" ""Guide to Attribute Based Access Control"" ABAC contextual ongoing authorization",2026-08-01,+08:00,10,Yes,foundation_raw_occurrences_126.csv,Formal identification query,"Count is the number of search result cards captured in the structured ledger, not a search-engine total-hit estimate."
QF05B,Web search,NIST ABAC source verification,"site:nist.gov ""Guide to Attribute Based Access Control"" SP 800-162",2026-08-01,+08:00,15,Yes,foundation_raw_occurrences_126.csv,Formal identification query,"Count is the number of search result cards captured in the structured ledger, not a search-engine total-hit estimate."
QF06,Web search,Provenance and logging,"""Provenance-aware storage systems"" ""Guide to Computer Security Log Management"" foundational audit provenance",2026-08-01,+08:00,11,Yes,foundation_raw_occurrences_126.csv,Formal identification query,"Count is the number of search result cards captured in the structured ledger, not a search-engine total-hit estimate."
QF06B,Web search,USENIX provenance source verification,"site:usenix.org ""Provenance-aware storage systems""",2026-08-01,+08:00,26,Yes,foundation_raw_occurrences_126.csv,Formal identification query,"Count is the number of search result cards captured in the structured ledger, not a search-engine total-hit estimate."
QF07,Web search,"Recovery, restoration, and validation","""Guide for Cybersecurity Event Recovery"" restoration validation NIST SP 800-184 foundational recovery",2026-08-01,+08:00,12,Yes,foundation_raw_occurrences_126.csv,Formal identification query,"Count is the number of search result cards captured in the structured ledger, not a search-engine total-hit estimate."
SEED,Other methods: targeted seed route,Seven foundational families,Twelve candidate classical security references identified during preliminary conceptual scoping.,2026-08-01,+08:00,12,Yes,foundation_raw_occurrences_126.csv,Targeted seed identification route,"Seed status did not guarantee inclusion; each source was independently identity-checked, retrieved, and screened."
VR01,Source verification,Source identity/full text,"""The Confused Deputy"" Norm Hardy pdf",2026-08-01,+08:00,,No,,Hardy full-text retrieval,Used only to retrieve or verify a candidate already in the identification set; results are not added to the PRISMA denominator.
VR02,Source verification,Source identity/full text,"site:dspace.mit.edu ""Programming semantics for multiprogrammed computations"" PDF",2026-08-01,+08:00,,No,,Dennis/Van Horn identity and report retrieval,Used only to retrieve or verify a candidate already in the identification set; results are not added to the PRISMA denominator.
VR03,Source verification,Source identity/full text,Saltzer Schroeder protection of information in computer systems PDF complete mediation least privilege,2026-08-01,+08:00,,No,,Saltzer/Schroeder full-text locator,Used only to retrieve or verify a candidate already in the identification set; results are not added to the PRISMA denominator.
VR04,Source verification,Source identity/full text,10.1145/54289.871709 The confused deputy ACM,2026-08-01,+08:00,,No,,Hardy DOI identity,Used only to retrieve or verify a candidate already in the identification set; results are not added to the PRISMA denominator.
VR05,Source verification,Source identity/full text,Computer Security Technology Planning Study Volume I Anderson PDF reference monitor,2026-08-01,+08:00,,No,,Anderson volume and source verification,Used only to retrieve or verify a candidate already in the identification set; results are not added to the PRISMA denominator.
