occurrence_id,route,query_id,rank,execution_date,web_ref,returned_title,domain,url,canonical_id,raw_status,notes
FO-001,Formal web-search card,QF01,1,2026-08-01,turn602598search0,The Reference Monitor: an idea whose time has come / reference-monitor chapter,cornell.edu,,F014,Search-card occurrence,
FO-002,Formal web-search card,QF01,2,2026-08-01,turn602598search1,Cornell course copy: reference monitor,cornell.edu,,F021,Search-card occurrence,
FO-003,Formal web-search card,QF01,3,2026-08-01,turn602598search2,Cornell course copy: reference monitor,cornell.edu,,F021,Search-card occurrence,
FO-004,Formal web-search card,QF01,4,2026-08-01,turn602598search3,Cornell author copy: reference monitor,cornell.edu,,F021,Search-card occurrence,
FO-005,Formal web-search card,QF01,5,2026-08-01,turn602598search4,Reference monitor,wikipedia.org,,F025,Search-card occurrence,
FO-006,Formal web-search card,QF01,6,2026-08-01,turn602598search5,Reference Monitor lecture slides,ucr.edu,,F022,Search-card occurrence,
FO-007,Formal web-search card,QF01,7,2026-08-01,turn602598search6,Reference Monitor pattern,opensecurityarchitecture.org,,F023,Search-card occurrence,
FO-008,Formal web-search card,QF01,8,2026-08-01,turn602598search7,AEGIS references: foundational security theory,aegis-governance.com,,F024,Search-card occurrence,
FO-009,Formal web-search card,QF01,9,2026-08-01,turn602598search8,Cornell reference-monitor lecture,cornell.edu,,F021,Search-card occurrence,
FO-010,Formal web-search card,QF01,10,2026-08-01,turn602598search9,AEGIS governance model repository,github.com,,F024,Search-card occurrence,
FO-011,Formal web-search card,QF01,11,2026-08-01,turn602598search10,Reference monitor secondary page,helmwart.com,,F013,Search-card occurrence,
FO-012,Formal web-search card,QF02,1,2026-08-01,turn613642search0,Programming Semantics for Multiprogrammed Computations,archive.org,https://archive.org/download/bitsavers_mitlcstrMI_1406159/MIT-LCS-TR-023_text.pdf,F003,Search-card occurrence,
FO-013,Formal web-search card,QF02,2,2026-08-01,turn613642search1,MIT DSpace metadata for Programming Semantics for Multiprogrammed Computations,dspace.mit.edu,,F003,Search-card occurrence,
FO-014,Formal web-search card,QF02,3,2026-08-01,turn613642search2,MIT DSpace PDF for Programming Semantics for Multiprogrammed Computations,dspace.mit.edu,,F003,Search-card occurrence,
FO-015,Formal web-search card,QF02,4,2026-08-01,turn613642search3,Programming Semantics for Multiprogrammed Computations,ieeexplore.ieee.org,,F003,Search-card occurrence,
FO-016,Formal web-search card,QF02,5,2026-08-01,turn613642search4,OSTI metadata result for Dennis/Van Horn,osti.gov,,F028,Search-card occurrence,
FO-017,Formal web-search card,QF02,6,2026-08-01,turn613642search5,IEEE abstract duplicate for Programming Semantics for Multiprogrammed Computations,ieeexplore.ieee.org,,F003,Search-card occurrence,
FO-018,Formal web-search card,QF02,7,2026-08-01,turn613642search7,Object-capability model,wikipedia.org,,F026,Search-card occurrence,
FO-019,Formal web-search card,QF02,8,2026-08-01,turn613642search10,Protected procedure,wikipedia.org,,F027,Search-card occurrence,
FO-020,Formal web-search card,QF03,1,2026-08-01,turn417743search0,A Calculus for Access Control in Distributed Systems (CRYPTO version),springer.com,,F015,Search-card occurrence,
FO-021,Formal web-search card,QF03,2,2026-08-01,turn417743search1,A Calculus for Access Control in Distributed Systems,microsoft.com,https://www.microsoft.com/en-us/research/wp-content/uploads/1993/09/44-CalculusAccessControlTOPLAS.pdf,F007,Search-card occurrence,
FO-022,Formal web-search card,QF03,3,2026-08-01,turn417743search2,A Calculus for Access Control in Distributed Systems (university copy),ed.ac.uk,,F007,Search-card occurrence,
FO-023,Formal web-search card,QF03,4,2026-08-01,turn417743search3,A Calculus for Access Control in Distributed Systems (CRYPTO author copy),microsoft.com,,F015,Search-card occurrence,
FO-024,Formal web-search card,QF03,5,2026-08-01,turn417743search5,Access-control calculus summary,emergentmind.com,,F029,Search-card occurrence,
FO-025,Formal web-search card,QF03,6,2026-08-01,turn417743search6,Delegation and confused deputy blog,secagentlabs.com,,F030,Search-card occurrence,
FO-026,Formal web-search card,QF03,7,2026-08-01,turn417743search7,Confused deputy problem blog,datarobot.com,,F031,Search-card occurrence,
FO-027,Formal web-search card,QF03,8,2026-08-01,turn417743search9,Delegation calculus summary,emergentmind.com,,F029,Search-card occurrence,
FO-028,Formal web-search card,QF03,9,2026-08-01,turn417743search10,Cross-service confused deputy prevention,aws.amazon.com,,F018,Search-card occurrence,
FO-029,Formal web-search card,QF03,10,2026-08-01,turn417743search11,A Calculus for Access Control in Distributed Systems (mirror),academia.edu,,F032,Search-card occurrence,
FO-030,Formal web-search card,QF04,1,2026-08-01,turn410319search1,Confinement and information-flow presentation,umd.edu,,F033,Search-card occurrence,
FO-031,Formal web-search card,QF04,2,2026-08-01,turn410319search2,A Lattice Model of Secure Information Flow (Duke copy),duke.edu,,F006,Search-card occurrence,
FO-032,Formal web-search card,QF04,3,2026-08-01,turn410319search3,A Lattice Model of Secure Information Flow,nps.edu,https://faculty.nps.edu/dedennin/publications/lattice76.pdf,F006,Search-card occurrence,
FO-033,Formal web-search card,QF04,4,2026-08-01,turn410319search4,A Note on Strategic Confinement,arxiv.org,,F017,Search-card occurrence,
FO-034,Formal web-search card,QF04,5,2026-08-01,turn410319search5,A Lattice Model of Secure Information Flow (mirror),academia.edu,,F039,Search-card occurrence,
FO-035,Formal web-search card,QF04,6,2026-08-01,turn410319search6,A Note on Strategic Confinement (HTML),arxiv.org,,F017,Search-card occurrence,
FO-036,Formal web-search card,QF04,7,2026-08-01,turn410319search7,A Note on the Confinement Problem,stanford.edu,https://crypto.stanford.edu/cs155old/cs155-spring08/papers/confinement.pdf,F005,Search-card occurrence,
FO-037,Formal web-search card,QF04,8,2026-08-01,turn410319search8,A Note on the Confinement Problem (duplicate copy),stanford.edu,,F005,Search-card occurrence,
FO-038,Formal web-search card,QF04,9,2026-08-01,turn410319search9,Later information-flow paper returned by exact-title search,unknown,,F034,Search-card occurrence,
FO-039,Formal web-search card,QF04,10,2026-08-01,turn410319search10,Later secure information-flow paper,unknown,,F034,Search-card occurrence,
FO-040,Formal web-search card,QF04,11,2026-08-01,turn410319search11,A Note on the Confinement Problem (Princeton copy),princeton.edu,,F005,Search-card occurrence,
FO-041,Formal web-search card,QF05,1,2026-08-01,turn298945search0,The UCONABC Usage Control Model,profsandhu.com,https://profsandhu.com/~profsand/journals/tissec/ucon-abc.pdf,F008,Search-card occurrence,
FO-042,Formal web-search card,QF05,2,2026-08-01,turn298945search1,The UCONABC Usage Control Model (SciSpace copy),scispace.com,,F039,Search-card occurrence,
FO-043,Formal web-search card,QF05,3,2026-08-01,turn298945search2,The UCONABC Usage Control Model (author duplicate),profsandhu.com,,F008,Search-card occurrence,
FO-044,Formal web-search card,QF05,4,2026-08-01,turn298945search3,The UCONABC Usage Control Model (university copy),edu,,F008,Search-card occurrence,
FO-045,Formal web-search card,QF05,5,2026-08-01,turn298945search4,The UCONABC Usage Control Model (author PDF),profsandhu.com,,F008,Search-card occurrence,
FO-046,Formal web-search card,QF05,6,2026-08-01,turn298945search6,The UCONABC Usage Control Model (VT copy),vt.edu,,F008,Search-card occurrence,
FO-047,Formal web-search card,QF05,7,2026-08-01,turn298945search7,The UCONABC Usage Control Model (author duplicate),profsandhu.com,,F008,Search-card occurrence,
FO-048,Formal web-search card,QF05,8,2026-08-01,turn298945search8,Attribute-based access control documentation,databricks.com,,F035,Search-card occurrence,
FO-049,Formal web-search card,QF05,9,2026-08-01,turn298945search9,UCON course material,profsandhu.com,,F008,Search-card occurrence,
FO-050,Formal web-search card,QF05,10,2026-08-01,turn298945search10,UCON course material duplicate,profsandhu.com,,F008,Search-card occurrence,
FO-051,Formal web-search card,QF05B,1,2026-08-01,turn760988search0,Guide to Attribute Based Access Control (ABAC) Definition and Considerations,csrc.nist.gov,https://csrc.nist.gov/pubs/sp/800/162/upd2/final,F009,Search-card occurrence,
FO-052,Formal web-search card,QF05B,2,2026-08-01,turn760988search1,SP 800-162 withdrawn/updated version page,csrc.nist.gov,,F009,Search-card occurrence,
FO-053,Formal web-search card,QF05B,3,2026-08-01,turn760988search2,NIST publication page for SP 800-162,nist.gov,,F009,Search-card occurrence,
FO-054,Formal web-search card,QF05B,4,2026-08-01,turn760988search3,NIST publication metadata for SP 800-162,nist.gov,,F009,Search-card occurrence,
FO-055,Formal web-search card,QF05B,5,2026-08-01,turn760988search4,Original withdrawn CSRC page for SP 800-162,csrc.nist.gov,,F009,Search-card occurrence,
FO-056,Formal web-search card,QF05B,6,2026-08-01,turn760988search6,NIST privacy-framework index entry for ABAC,nist.gov,,F040,Search-card occurrence,
FO-057,Formal web-search card,QF05B,7,2026-08-01,turn760988search7,NIST publication page duplicate for SP 800-162,nist.gov,,F009,Search-card occurrence,
FO-058,Formal web-search card,QF05B,8,2026-08-01,turn760988search8,NIST ITL Bulletin on ABAC,nist.gov,,F040,Search-card occurrence,
FO-059,Formal web-search card,QF05B,9,2026-08-01,turn760988search9,NIST update notice for SP 800-162,nist.gov,,F041,Search-card occurrence,
FO-060,Formal web-search card,QF05B,10,2026-08-01,turn760988search10,NIST project publication listing for SP 800-162,nist.gov,,F009,Search-card occurrence,
FO-061,Formal web-search card,QF05B,11,2026-08-01,turn760988search11,NIST update news duplicate for SP 800-162,nist.gov,,F041,Search-card occurrence,
FO-062,Formal web-search card,QF05B,12,2026-08-01,turn760988search12,Archived PDF of SP 800-162,nist.gov,,F009,Search-card occurrence,
FO-063,Formal web-search card,QF05B,13,2026-08-01,turn760988search13,Current PDF of SP 800-162,nvlpubs.nist.gov,https://nvlpubs.nist.gov/nistpubs/SpecialPublications/NIST.SP.800-162.pdf,F009,Search-card occurrence,
FO-064,Formal web-search card,QF05B,14,2026-08-01,turn760988search14,Current PDF duplicate of SP 800-162,nvlpubs.nist.gov,,F009,Search-card occurrence,
FO-065,Formal web-search card,QF05B,15,2026-08-01,turn760988search5,NIST publication page for SP 800-162 (additional result),nist.gov,,F009,Search-card occurrence,
FO-066,Formal web-search card,QF06,1,2026-08-01,turn634502search0,Guide to Computer Security Log Management (GovInfo PDF),govinfo.gov,,F011,Search-card occurrence,
FO-067,Formal web-search card,QF06,2,2026-08-01,turn634502search1,Guide to Computer Security Log Management (GovInfo duplicate),govinfo.gov,,F011,Search-card occurrence,
FO-068,Formal web-search card,QF06,3,2026-08-01,turn634502search2,Guide to Computer Security Log Management (NIST PDF),nist.gov,,F011,Search-card occurrence,
FO-069,Formal web-search card,QF06,4,2026-08-01,turn634502search3,Guide to Computer Security Log Management,nvlpubs.nist.gov,https://nvlpubs.nist.gov/nistpubs/Legacy/SP/nistspecialpublication800-92.pdf,F011,Search-card occurrence,
FO-070,Formal web-search card,QF06,5,2026-08-01,turn634502search4,NIST SP 800-92 mirror,nist.rip,,F036,Search-card occurrence,
FO-071,Formal web-search card,QF06,6,2026-08-01,turn634502search6,NIST publication page for SP 800-92,nist.gov,,F011,Search-card occurrence,
FO-072,Formal web-search card,QF06,7,2026-08-01,turn634502search7,NIST SP 800-92 Rev. 1 draft,nist.gov,,F016,Search-card occurrence,
FO-073,Formal web-search card,QF06,8,2026-08-01,turn634502search8,Blog result about log-management revision,unknown,,F039,Search-card occurrence,
FO-074,Formal web-search card,QF06,9,2026-08-01,turn634502search9,CSRC final page for SP 800-92,csrc.nist.gov,,F011,Search-card occurrence,
FO-075,Formal web-search card,QF06,10,2026-08-01,turn634502search10,SP 800-92 Rev. 1 draft page,csrc.nist.gov,,F016,Search-card occurrence,
FO-076,Formal web-search card,QF06,11,2026-08-01,turn634502search11,Temple University mirror of SP 800-92,temple.edu,,F037,Search-card occurrence,
FO-077,Formal web-search card,QF06B,1,2026-08-01,turn738512search0,Provenance-Aware Storage Systems (author HTML),harvard.edu,,F010,Search-card occurrence,
FO-078,Formal web-search card,QF06B,2,2026-08-01,turn738512search21,Provenance-Aware Storage Systems (author PDF),harvard.edu,,F010,Search-card occurrence,
FO-079,Formal web-search card,QF06B,3,2026-08-01,turn738512search1,Provenance-Aware Storage Systems (legacy USENIX abstract),usenix.org,,F010,Search-card occurrence,
FO-080,Formal web-search card,QF06B,4,2026-08-01,turn738512search2,Provenance-Aware Storage Systems,usenix.org,https://www.usenix.org/conference/2006-usenix-annual-technical-conference/provenance-aware-storage-systems,F010,Search-card occurrence,
FO-081,Formal web-search card,QF06B,5,2026-08-01,turn738512search3,Margo Seltzer publications page,harvard.edu,,F010,Search-card occurrence,
FO-082,Formal web-search card,QF06B,6,2026-08-01,turn738512search4,Layering in Provenance Systems,unknown,,F019,Search-card occurrence,
FO-083,Formal web-search card,QF06B,7,2026-08-01,turn738512search5,Later provenance technical report,harvard.edu,,F019,Search-card occurrence,
FO-084,Formal web-search card,QF06B,8,2026-08-01,turn738512search6,Provenance-Aware Storage Systems (USENIX HTML),usenix.org,,F010,Search-card occurrence,
FO-085,Formal web-search card,QF06B,9,2026-08-01,turn738512search22,Later provenance technical report duplicate,unknown,,F019,Search-card occurrence,
FO-086,Formal web-search card,QF06B,10,2026-08-01,turn738512search7,Provenance-Aware Storage Systems (legacy duplicate),usenix.org,,F010,Search-card occurrence,
FO-087,Formal web-search card,QF06B,11,2026-08-01,turn738512search8,USENIX presentation for Provenance-Aware Storage Systems,usenix.org,,F045,Search-card occurrence,
FO-088,Formal web-search card,QF06B,12,2026-08-01,turn738512search23,Later provenance paper (Harvard PDF),harvard.edu,,F019,Search-card occurrence,
FO-089,Formal web-search card,QF06B,13,2026-08-01,turn738512search9,Cloud provenance architecture paper,unknown,,F043,Search-card occurrence,
FO-090,Formal web-search card,QF06B,14,2026-08-01,turn738512search10,Open Provenance Challenge,unknown,,F042,Search-card occurrence,
FO-091,Formal web-search card,QF06B,15,2026-08-01,turn738512search11,DBLP record for Provenance-Aware Storage Systems,dblp.org,,F038,Search-card occurrence,
FO-092,Formal web-search card,QF06B,16,2026-08-01,turn738512search12,ResearchGate copy of Provenance-Aware Storage Systems,researchgate.net,,F039,Search-card occurrence,
FO-093,Formal web-search card,QF06B,17,2026-08-01,turn738512search13,Provenance bibliography entry,unknown,,F044,Search-card occurrence,
FO-094,Formal web-search card,QF06B,18,2026-08-01,turn738512search26,Harvard API/metadata duplicate,harvard.edu,,F019,Search-card occurrence,
FO-095,Formal web-search card,QF06B,19,2026-08-01,turn738512search27,Provenance page / encyclopedia result,wikipedia.org,,F039,Search-card occurrence,
FO-096,Formal web-search card,QF06B,20,2026-08-01,turn738512search14,Layering in Provenance Systems duplicate,unknown,,F019,Search-card occurrence,
FO-097,Formal web-search card,QF06B,21,2026-08-01,turn738512search15,USENIX ATC session page,usenix.org,,F045,Search-card occurrence,
FO-098,Formal web-search card,QF06B,22,2026-08-01,turn738512search16,USENIX legacy session page,usenix.org,,F045,Search-card occurrence,
FO-099,Formal web-search card,QF06B,23,2026-08-01,turn738512search17,Later provenance paper,unknown,,F019,Search-card occurrence,
FO-100,Formal web-search card,QF06B,24,2026-08-01,turn738512search18,USENIX program page,usenix.org,,F045,Search-card occurrence,
FO-101,Formal web-search card,QF06B,25,2026-08-01,turn738512search19,Later cloud provenance paper,unknown,,F043,Search-card occurrence,
FO-102,Formal web-search card,QF06B,26,2026-08-01,turn738512search20,USENIX proceedings index,usenix.org,,F045,Search-card occurrence,
FO-103,Formal web-search card,QF07,1,2026-08-01,turn219009search0,Guide for Cybersecurity Event Recovery (CSRC query page),csrc.nist.gov,,F012,Search-card occurrence,
FO-104,Formal web-search card,QF07,2,2026-08-01,turn219009search1,Guide for Cybersecurity Event Recovery,nvlpubs.nist.gov,https://nvlpubs.nist.gov/nistpubs/SpecialPublications/NIST.SP.800-184.pdf,F012,Search-card occurrence,
FO-105,Formal web-search card,QF07,3,2026-08-01,turn219009search2,Guide for Cybersecurity Event Recovery (CSRC final),csrc.nist.gov,,F012,Search-card occurrence,
FO-106,Formal web-search card,QF07,4,2026-08-01,turn219009search3,NIST publication page for SP 800-184,nist.gov,,F012,Search-card occurrence,
FO-107,Formal web-search card,QF07,5,2026-08-01,turn219009search4,SP 800-184 GovInfo PDF,govinfo.gov,,F012,Search-card occurrence,
FO-108,Formal web-search card,QF07,6,2026-08-01,turn219009search5,NIST publication duplicate for SP 800-184,nist.gov,,F012,Search-card occurrence,
FO-109,Formal web-search card,QF07,7,2026-08-01,turn219009search6,NIST presentation on Cybersecurity Event Recovery,nist.gov,,F046,Search-card occurrence,
FO-110,Formal web-search card,QF07,8,2026-08-01,turn219009search7,NIST webinar on Cybersecurity Event Recovery,nist.gov,,F046,Search-card occurrence,
FO-111,Formal web-search card,QF07,9,2026-08-01,turn219009search8,NIST ITL Bulletin on Cybersecurity Event Recovery,nist.gov,,F020,Search-card occurrence,
FO-112,Formal web-search card,QF07,10,2026-08-01,turn219009search9,ITL Bulletin PDF on Cybersecurity Event Recovery,nist.gov,,F020,Search-card occurrence,
FO-113,Formal web-search card,QF07,11,2026-08-01,turn219009search10,NIST SP 800-184 mirror,nist.rip,,F036,Search-card occurrence,
FO-114,Formal web-search card,QF07,12,2026-08-01,turn219009search11,Draft Guide for Cybersecurity Event Recovery,nist.gov,,F047,Search-card occurrence,
FO-115,Seed source from third-round preview,SEED,1,2026-07-31 (preview supplied); branch executed 2026-08-01,,"Computer Security Technology Planning Study, Volume I",csrc.nist.gov,https://csrc.nist.gov/files/pubs/conference/1998/10/08/proceedings-of-the-21st-nissc-1998/final/docs/early-cs-papers/ande72a.pdf,F001,Seed/positive-control occurrence,Preview reference [223]; screened independently in the branch.
FO-116,Seed source from third-round preview,SEED,2,2026-07-31 (preview supplied); branch executed 2026-08-01,,The Protection of Information in Computer Systems,doi.org,https://doi.org/10.1109/PROC.1975.9939,F002,Seed/positive-control occurrence,Preview reference [224]; screened independently in the branch.
FO-117,Seed source from third-round preview,SEED,3,2026-07-31 (preview supplied); branch executed 2026-08-01,,Programming Semantics for Multiprogrammed Computations,doi.org,https://doi.org/10.1145/365230.365252,F003,Seed/positive-control occurrence,Preview reference [225]; screened independently in the branch.
FO-118,Seed source from third-round preview,SEED,4,2026-07-31 (preview supplied); branch executed 2026-08-01,,The Confused Deputy (or why capabilities might have been invented),doi.org,https://doi.org/10.1145/54289.871709,F004,Seed/positive-control occurrence,Preview reference [226]; screened independently in the branch.
FO-119,Seed source from third-round preview,SEED,5,2026-07-31 (preview supplied); branch executed 2026-08-01,,A Note on the Confinement Problem,doi.org,https://doi.org/10.1145/362375.362389,F005,Seed/positive-control occurrence,Preview reference [227]; screened independently in the branch.
FO-120,Seed source from third-round preview,SEED,6,2026-07-31 (preview supplied); branch executed 2026-08-01,,A Lattice Model of Secure Information Flow,doi.org,https://doi.org/10.1145/360051.360056,F006,Seed/positive-control occurrence,Preview reference [228]; screened independently in the branch.
FO-121,Seed source from third-round preview,SEED,7,2026-07-31 (preview supplied); branch executed 2026-08-01,,A Calculus for Access Control in Distributed Systems,doi.org,https://doi.org/10.1145/155183.155225,F007,Seed/positive-control occurrence,Preview reference [229]; screened independently in the branch.
FO-122,Seed source from third-round preview,SEED,8,2026-07-31 (preview supplied); branch executed 2026-08-01,,The UCONABC Usage Control Model,doi.org,https://doi.org/10.1145/984334.984339,F008,Seed/positive-control occurrence,Preview reference [230]; screened independently in the branch.
FO-123,Seed source from third-round preview,SEED,9,2026-07-31 (preview supplied); branch executed 2026-08-01,,Guide to Attribute Based Access Control (ABAC) Definition and Considerations,doi.org,https://doi.org/10.6028/NIST.SP.800-162,F009,Seed/positive-control occurrence,Preview reference [231]; screened independently in the branch.
FO-124,Seed source from third-round preview,SEED,10,2026-07-31 (preview supplied); branch executed 2026-08-01,,Provenance-Aware Storage Systems,www.usenix.org,https://www.usenix.org/conference/2006-usenix-annual-technical-conference/provenance-aware-storage-systems,F010,Seed/positive-control occurrence,Preview reference [232]; screened independently in the branch.
FO-125,Seed source from third-round preview,SEED,11,2026-07-31 (preview supplied); branch executed 2026-08-01,,Guide to Computer Security Log Management,doi.org,https://doi.org/10.6028/NIST.SP.800-92,F011,Seed/positive-control occurrence,Preview reference [233]; screened independently in the branch.
FO-126,Seed source from third-round preview,SEED,12,2026-07-31 (preview supplied); branch executed 2026-08-01,,Guide for Cybersecurity Event Recovery,doi.org,https://doi.org/10.6028/NIST.SP.800-184,F012,Seed/positive-control occurrence,Preview reference [234]; screened independently in the branch.
