reference_label,canonical_id,authors,year,title,foundation_family,inherited_obligation,action_chain_relation,source_locator,scope_limit,doi,official_url,canonical_citation,identity_note
[223],F001,James P. Anderson,1972,"Computer Security Technology Planning Study, Volume I",Reference monitor / complete mediation,Every security-relevant reference must be mediated by an always-invoked validation mechanism.,Operation and control placement; principal–resource access check.,PDF pp. 17–18 (report Sec. 4.1.1): reference monitor and reference-validation mechanism; footnote definition of all program references.,"Establishes the reference-monitor concept, not a modern CUA implementation or performance claim.",,https://csrc.nist.gov/files/pubs/conference/1998/10/08/proceedings-of-the-21st-nissc-1998/final/docs/early-cs-papers/ande72a.pdf,"James P. Anderson. 1972. Computer Security Technology Planning Study, Volume I. Technical Report ESD-TR-73-51, Vol. I. Electronic Systems Division, Air Force Systems Command, L. G. Hanscom Field, Bedford, MA.",The NIST-hosted PDF metadata and cover identify Volume I; this source fixes the volume used in the branch.
[224],F002,Jerome H. Saltzer and Michael D. Schroeder,1975,The Protection of Information in Computer Systems,Reference monitor / complete mediation; least privilege,Check every access to every object and restrict each program/user to the minimum privileges needed.,"Complete mediation; technical permission, resource, and operation scope.","Article Sec. I.A.3, PDF pp. 4–5: complete mediation and least privilege among the eight design principles.",Design principles are normative foundations; they do not by themselves define task authorization in natural-language agent workflows.,10.1109/PROC.1975.9939,https://doi.org/10.1109/PROC.1975.9939,"Jerome H. Saltzer and Michael D. Schroeder. 1975. The protection of information in computer systems. Proceedings of the IEEE 63, 9 (September 1975), 1278–1308.",DOI and journal citation match the selected canonical source; verification copy is a university-hosted reading copy.
[225],F003,Jack B. Dennis and Earl C. Van Horn,1966,Programming Semantics for Multiprogrammed Computations,Least privilege / capability systems,"Represent authority as explicit, operation-specific capabilities bound to protected objects.","Technical permission, protected resource, operation scope, and authority attenuation.","MIT report PDF p. 12, Protection section: C-lists and capabilities locating segments and specifying permitted operations.",Provides capability semantics; it does not establish CUA-specific least-privilege enforcement.,10.1145/365230.365252,https://doi.org/10.1145/365230.365252,"Jack B. Dennis and Earl C. Van Horn. 1966. Programming semantics for multiprogrammed computations. Communications of the ACM 9, 3 (March 1966), 143–155.",The MIT technical-report text is used for locator verification; the canonical bibliography entry is the CACM version.
[226],F004,Norm Hardy,1988,The Confused Deputy (or why capabilities might have been invented),Confused deputy / authority,Keep delegated purpose and available authority distinguishable so a deputy cannot misuse its own privilege for an invoker.,"Principal, authority source, delegated purpose, authorization basis, and permission scope.",Article pp. 36–38; local PDF p. 2: authority stemming from two sources and the requirement to explicitly designate the authority used.,The paper supplies the authority-confusion mechanism; transfer to CUA scenarios requires a source-established acting principal and operation.,10.1145/54289.871709,https://doi.org/10.1145/54289.871709,"Norm Hardy. 1988. The confused deputy (or why capabilities might have been invented). ACM SIGOPS Operating Systems Review 22, 4 (October 1988), 36–38.",DOI metadata was verified; verification copy is an academic course-hosted copy.
[227],F005,Butler W. Lampson,1973,A Note on the Confinement Problem,Information flow / confinement,Constrain a service so protected information cannot escape through direct or indirect channels.,"Protected information, disclosure effect, downstream reuse, and propagation.",Article pp. 613–615; local PDF pp. 1–4: definition of confinement and transitive leakage channels.,Confinement concerns information leakage; it is not identical to incident containment after a harmful action.,10.1145/362375.362389,https://doi.org/10.1145/362375.362389,"Butler W. Lampson. 1973. A note on the confinement problem. Communications of the ACM 16, 10 (October 1973), 613–615.",DOI matches the selected canonical source; verification copy is an author-hosted copy.
[228],F006,Dorothy E. Denning,1976,A Lattice Model of Secure Information Flow,Information flow / lattice,Enforce permitted information flows according to ordered security classes.,"Source/target labels, permitted flow, disclosure, reuse, and propagation.",Article pp. 236–243; local PDF pp. 1–3: lattice structure over security classes and secure-flow relations.,The lattice model supports flow constraints; CUA-specific labels and dynamic context remain a later synthesis.,10.1145/360051.360056,https://doi.org/10.1145/360051.360056,"Dorothy E. Denning. 1976. A lattice model of secure information flow. Communications of the ACM 19, 5 (May 1976), 236–243.",DOI and bibliographic details match the selected canonical source; verification copy is author-hosted.
[229],F007,"Martín Abadi, Michael Burrows, Butler Lampson, and Gordon Plotkin",1993,A Calculus for Access Control in Distributed Systems,Delegation / distributed authority,"Represent principals, roles, and delegation explicitly when deciding whether a request is authorized.","Principal, delegated authority, speaks-for relation, authorization basis, and access decision.","TOPLAS article Secs. 4–6; PDF p. 13, Sec. 5.1 'The Forms of Delegation': delegation as a primitive and its role in access decisions.",The calculus formalizes distributed authority; it does not directly encode natural-language task semantics or CUA trajectories.,10.1145/155183.155225,https://doi.org/10.1145/155183.155225,"Martín Abadi, Michael Burrows, Butler Lampson, and Gordon Plotkin. 1993. A calculus for access control in distributed systems. ACM Transactions on Programming Languages and Systems 15, 4 (September 1993), 706–734.",The 1993 TOPLAS version is retained; the earlier CRYPTO version is consolidated as a duplicate/version predecessor.
[230],F008,Jaehong Park and Ravi Sandhu,2004,The UCONABC Usage Control Model,Usage control / ongoing authorization,"Evaluate and continue to enforce authorization using mutable attributes, obligations, conditions, and revocation.","Runtime constraints, mutable attributes, ongoing authorization, permission update, and revocation.","Article abstract/introduction and authorization sections; local PDF pp. 1, 13–15: authorizations, obligations, conditions, continuity, mutability, and ongoing checks.",UCON supplies ongoing-control semantics; mapping user intent to attributes remains CUA-specific work.,10.1145/984334.984339,https://doi.org/10.1145/984334.984339,"Jaehong Park and Ravi Sandhu. 2004. The UCONABC usage control model. ACM Transactions on Information and System Security 7, 1 (February 2004), 128–174.",Author-hosted PDF and DOI match the canonical TISSEC article.
[231],F009,Vincent C. Hu et al.,2014,Guide to Attribute Based Access Control (ABAC) Definition and Considerations,ABAC / contextual authorization,"Make authorization decisions from attributes of the subject, object, requested operation, environment, and policy.","Principal attributes, protected resource attributes, operation, runtime context, policy, and authorization decision.","NIST SP 800-162 Secs. 2.2–2.3, PDF pp. 16–18: subject, object, operation, environment conditions, policy, and decision/enforcement.",ABAC defines contextual authorization inputs; it does not establish which observed language constitutes user authority.,10.6028/NIST.SP.800-162,https://doi.org/10.6028/NIST.SP.800-162,"Vincent C. Hu, David Ferraiolo, Rick Kuhn, Adam Schnitzer, Kenneth Sandlin, Robert Miller, and Karen Scarfone. 2014. Guide to Attribute Based Access Control (ABAC) Definition and Considerations. NIST Special Publication 800-162, updated August 2, 2019.","The updated August 2, 2019 NIST PDF is the canonical version used for source verification."
[232],F010,"Kiran-Kumar Muniswamy-Reddy, David A. Holland, Uri Braun, and Margo Seltzer",2006,Provenance-Aware Storage Systems,Provenance / lineage,Preserve lineage linking data and state to their producing events and ancestors.,"Outcome evidence, state lineage, source provenance, and attribution inputs.","USENIX paper abstract and Sec. 1, PDF pp. 1–2: automatic provenance/lineage collection and complete history/ancestry.",Storage provenance is an attribution prerequisite; it does not by itself establish responsibility or authorization.,,https://www.usenix.org/conference/2006-usenix-annual-technical-conference/provenance-aware-storage-systems,"Kiran-Kumar Muniswamy-Reddy, David A. Holland, Uri Braun, and Margo Seltzer. 2006. Provenance-aware storage systems. In Proceedings of the 2006 USENIX Annual Technical Conference (USENIX ATC 06), 43–56.",Official USENIX proceedings page and legacy paper PDF were preserved.
[233],F011,Karen Kent and Murugiah Souppaya,2006,Guide to Computer Security Log Management,Logging / auditability,"Collect, protect, review, and retain event records sufficient for monitoring and investigation.","Event record, actor/activity trace, outcome evidence, and auditability.","NIST SP 800-92 Sec. 2, PDF pp. 9–15: logs as records of events and their operational, audit, and forensic uses.",Log availability does not guarantee semantic attribution or prove an external postcondition.,10.6028/NIST.SP.800-92,https://doi.org/10.6028/NIST.SP.800-92,Karen Kent and Murugiah Souppaya. 2006. Guide to Computer Security Log Management. NIST Special Publication 800-92.,"The 2006 final NIST guide is retained; the Rev. 1 draft is treated as a later draft, not the historical foundation."
[234],F012,Michael Bartock et al.,2016,Guide for Cybersecurity Event Recovery,Recovery / restoration / validation,"Restore an acceptable state, validate recovery, and improve the recovery plan after a cybersecurity event.","External effect, resulting state, restoration, validation, and recovery status.","NIST SP 800-184 Secs. 1.2–3 and recovery examples; PDF pp. 10–11 and 23–26: restoration, validation of recovery capabilities, and improvement.",The guide supports recovery obligations; it does not imply universal rollback of completed CUA actions.,10.6028/NIST.SP.800-184,https://doi.org/10.6028/NIST.SP.800-184,"Michael Bartock, Jeffrey Cichonski, Murugiah Souppaya, Matthew Smith, Greg Witte, and Karen Scarfone. 2016. Guide for Cybersecurity Event Recovery. NIST Special Publication 800-184.","Final NIST SP 800-184 is retained; presentation, bulletin, and draft versions are excluded as derivatives or predecessors."
