coder_b_candidate_operation_id,mapping_status,primary_candidate_operation_ids,mapping_reason,final_mapping_status,final_primary_candidate_operation_ids
CAND-S-011-001,unmatched_b_candidate,,The read operation has no source-native counterpart in the primary sample inventory.,unmatched_b_candidate,
CAND-S-011-002,one_to_one_match,CAND-S-011-001,Same source-reported email/code transmission operation; coder-local IDs differ.,one_to_one_match,CAND-S-011-001
CAND-S-011-003,one_to_one_match,CAND-S-011-004,Same source-reported transfer-funds operation; coder-local IDs differ.,one_to_one_match,CAND-S-011-004
CAND-S-014-001,unmatched_b_candidate,,Generic category operation cannot be matched to one primary source-native operation.,unmatched_b_candidate,
CAND-S-014-002,partial_overlap,CAND-S-014-007,File mutation is represented by the primary destructive-actions aggregate.,partial_overlap,CAND-S-014-007
CAND-S-014-003,partial_overlap,CAND-S-014-012,Calendar deletion/event operation overlaps the primary calendar aggregate.,partial_overlap,CAND-S-014-012
CAND-S-020-001,partial_overlap,CAND-S-020-001,Concrete financial task is a subset of the primary financial-analysis aggregate.,partial_overlap,CAND-S-020-001
CAND-S-025-001,split_or_merge,CAND-S-025-001;CAND-S-025-002;CAND-S-025-003,Aggregate propagation operation spans several primary message-propagation units.,split_or_merge,CAND-S-025-001;CAND-S-025-002;CAND-S-025-003
CAND-S-037-001,one_to_one_match,CAND-S-037-001,Same Amazon-cookie deletion operation; coder-local IDs differ only in label status context.,one_to_one_match,CAND-S-037-001
CAND-S-037-002,unmatched_b_candidate,,Spreadsheet manipulation has no matching primary source-native operation.,unmatched_b_candidate,
CAND-S-037-003,one_to_one_match,CAND-S-037-005,Same payment-record recipient insertion into a Thunderbird draft.,one_to_one_match,CAND-S-037-005
CAND-S-041-001,one_to_one_match,CAND-S-041-002,Address-book read is the same source-native operation.,one_to_one_match,CAND-S-041-002
CAND-S-041-002,one_to_one_match,CAND-S-041-003,Forward/send to returned contacts is the same source-native operation.,one_to_one_match,CAND-S-041-003
CAND-S-041-003,one_to_one_match,CAND-S-041-005,Write attack code to persistent memory is the same source-native operation.,one_to_one_match,CAND-S-041-005
CAND-S-041-004,one_to_one_match,CAND-S-041-006,Read stored attack code from persistent memory is the same source-native operation.,one_to_one_match,CAND-S-041-006
CAND-S-044-001,unmatched_b_candidate,,Database deletion has no primary source-native counterpart.,unmatched_b_candidate,
CAND-S-044-002,partial_overlap,CAND-S-044-001,Financial-report export overlaps the primary data-export operation but differs in source scope.,partial_overlap,CAND-S-044-001
CAND-S-044-003,split_or_merge,CAND-S-044-002;CAND-S-044-003,Generic attacker-controlled tool use spans the primary malware-injection and stock-manipulation units.,split_or_merge,CAND-S-044-002;CAND-S-044-003
CAND-S-054-001,unmatched_b_candidate,,No primary candidate operation exists for this study.,unmatched_b_candidate,
CAND-S-057-001,one_to_one_match,CAND-S-057-002,Same file-read and exfiltration operation; coder-local IDs differ.,one_to_one_match,CAND-S-057-002
CAND-S-057-002,unmatched_b_candidate,,Authenticated-session extraction has no matching primary source-native operation.,unmatched_b_candidate,
CAND-S-057-003,partial_overlap,CAND-S-057-004,Unauthorized publication overlaps the primary Twitter publication operation but is broader.,partial_overlap,CAND-S-057-004
CAND-S-069-001,one_to_one_match,CAND-S-069-001,Same account-email change operation.,one_to_one_match,CAND-S-069-001
CAND-S-069-002,unmatched_b_candidate,,GitLab project deletion has no primary counterpart.,unmatched_b_candidate,
CAND-S-069-003,unmatched_b_candidate,,Deploy-token creation and exfiltration has no primary counterpart.,unmatched_b_candidate,
CAND-S-072-001,unmatched_b_candidate,,Phishing-site navigation/form submission has no matching primary source-native operation.,unmatched_b_candidate,
CAND-S-080-001,split_or_merge,CAND-S-080-001;CAND-S-080-002,Combined calendar-read and email-send workflow spans two primary operations.,split_or_merge,CAND-S-080-001;CAND-S-080-002
CAND-S-088-001,one_to_one_match,CAND-S-088-001,Same AndroidWorld contact-creation operation.,one_to_one_match,CAND-S-088-001
CAND-S-100-001,unmatched_b_candidate,,Delegated tool/control-flow violation has no matching primary source-native operation.,unmatched_b_candidate,
CAND-S-116-001,unmatched_b_candidate,,Destructive skill-file deletion has no matching primary source-native operation.,unmatched_b_candidate,
CAND-S-116-002,partial_overlap,CAND-S-116-001,Skill-mediated exfiltration overlaps the primary upload/exfiltration operation but differs in payload.,partial_overlap,CAND-S-116-001
CAND-S-122-001,unmatched_b_candidate,,Funds transfer has no matching primary source-native operation.,unmatched_b_candidate,
CAND-S-122-002,split_or_merge,CAND-S-122-001;CAND-S-122-002,Combined payment-method read and email disclosure spans two primary operations.,split_or_merge,CAND-S-122-001;CAND-S-122-002
CAND-S-122-003,unmatched_b_candidate,,Medical-data read has no primary counterpart.,unmatched_b_candidate,
CAND-S-130-001,unmatched_b_candidate,,No primary candidate operation exists for this study.,unmatched_b_candidate,
CAND-S-144-001,unmatched_b_candidate,,SSH-key read/exfiltration has no same-unit primary counterpart.,unmatched_b_candidate,
CAND-S-144-002,unmatched_b_candidate,,Startup/configuration persistence has no same-unit primary counterpart.,unmatched_b_candidate,
CAND-S-146-001,unmatched_b_candidate,,No primary candidate operation exists for this study.,unmatched_b_candidate,
CAND-S-146-002,unmatched_b_candidate,,No primary candidate operation exists for this study.,unmatched_b_candidate,
CAND-S-151-001,split_or_merge,CAND-S-151-001;CAND-S-151-002,Generic unapproved-tool invocation spans the primary read and send-money units.,split_or_merge,CAND-S-151-001;CAND-S-151-002
CAND-S-172-001,unmatched_b_candidate,,No primary candidate operation exists for this study.,unmatched_b_candidate,
CAND-S-172-002,unmatched_b_candidate,,No primary candidate operation exists for this study.,unmatched_b_candidate,
CAND-S-181-001,one_to_one_match,CAND-S-181-001,Same persistent-memory write operation.,one_to_one_match,CAND-S-181-001
CAND-S-181-002,unmatched_b_candidate,,Later trigger/exfiltration operation has no primary counterpart.,unmatched_b_candidate,
CAND-S-182-001,one_to_one_match,CAND-S-182-001,Same shared-state write operation.,one_to_one_match,CAND-S-182-001
CAND-S-184-001,one_to_one_match,CAND-S-184-001,Same persistent-memory append operation.,one_to_one_match,CAND-S-184-001
CAND-S-184-002,unmatched_b_candidate,,Later poisoned-memory tool action has no primary counterpart.,unmatched_b_candidate,
CAND-S-192-001,unmatched_b_candidate,,No primary candidate operation exists for this study.,unmatched_b_candidate,
CAND-S-193-001,one_to_one_match,CAND-S-193-001,Same reverse-shell execution operation.,one_to_one_match,CAND-S-193-001
CAND-S-193-002,one_to_one_match,CAND-S-193-002,Same private-data exfiltration operation.,one_to_one_match,CAND-S-193-002
CAND-S-198-001,unmatched_b_candidate,,No primary candidate operation exists for this study.,unmatched_b_candidate,
CAND-S-210-001,unmatched_b_candidate,,Malicious WebMCP exfiltration has no matching primary source-native operation.,unmatched_b_candidate,
CAND-S-212-001,one_to_one_match,CAND-S-212-001,Same malicious-skill data-transfer operation.,one_to_one_match,CAND-S-212-001
CAND-S-212-002,unmatched_b_candidate,,Project/configuration mutation has no primary counterpart.,unmatched_b_candidate,
CAND-S-212-003,unmatched_b_candidate,,Persistent future-configuration write has no primary counterpart.,unmatched_b_candidate,
CAND-S-217-001,one_to_one_match,CAND-S-217-001,Same unrelated-file mutation operation.,one_to_one_match,CAND-S-217-001
CAND-S-217-002,split_or_merge,CAND-S-217-002;CAND-S-217-006,Overbroad permission/global-setting change spans two primary units.,split_or_merge,CAND-S-217-002;CAND-S-217-006
CAND-S-217-003,one_to_one_match,CAND-S-217-005,Same unnecessary-sensitive-content access operation.,one_to_one_match,CAND-S-217-005
CAND-S-218-001,one_to_one_match,CAND-S-218-001,Same personal-content message disclosure operation.,one_to_one_match,CAND-S-218-001
CAND-S-218-002,one_to_one_match,CAND-S-218-002,Same inappropriate personal-information calendar operation.,one_to_one_match,CAND-S-218-002
CAND-S-218-003,one_to_one_match,CAND-S-218-003,Same contextually inappropriate note/reply operation.,one_to_one_match,CAND-S-218-003
