study_id,coder_b_candidate_operation_id,primary_candidate_operation_id,target_field,primary_evidence_status,coder_b_evidence_status,agreement,primary_source_locator,coder_b_source_locator,comparison_status
S-011,CAND-S-011-002,CAND-S-011-001,privilege_basis,Present-partial,Present-partial,true,"arXiv:2406.13352v3 PDF, Figure 10 injection-task definition; Table 1 Workspace row","S-011 PDF, Section 3.1 Injection tasks; Table 1 Workspace example; Section 4.1",paired_exact_match
S-011,CAND-S-011-002,CAND-S-011-001,authorization_reporting,Present-partial,Present-direct,false,"arXiv:2406.13352v3 PDF, Figure 10 injection-task definition; Table 1 Workspace row","S-011 PDF, Section 3.1 Injection tasks; Table 1 Workspace example; Section 4.1",paired_exact_match
S-011,CAND-S-011-002,CAND-S-011-001,technical_permission_reporting,Present-partial,Present-partial,true,"arXiv:2406.13352v3 PDF, Figure 10 injection-task definition; Table 1 Workspace row","S-011 PDF, Section 3.1 Injection tasks; Table 1 Workspace example; Section 4.1",paired_exact_match
S-011,CAND-S-011-003,CAND-S-011-004,privilege_basis,Present-partial,Present-partial,true,"arXiv:2406.13352v3 PDF, Table 1 Banking row","S-011 PDF, Table 1 Banking example; Sections 3.1 and 4.1",paired_exact_match
S-011,CAND-S-011-003,CAND-S-011-004,authorization_reporting,Present-partial,Present-direct,false,"arXiv:2406.13352v3 PDF, Table 1 Banking row","S-011 PDF, Table 1 Banking example; Sections 3.1 and 4.1",paired_exact_match
S-011,CAND-S-011-003,CAND-S-011-004,technical_permission_reporting,Present-partial,Present-partial,true,"arXiv:2406.13352v3 PDF, Table 1 Banking row","S-011 PDF, Table 1 Banking example; Sections 3.1 and 4.1",paired_exact_match
S-037,CAND-S-037-001,CAND-S-037-001,privilege_basis,Not reported,Present-partial,false,"arXiv:2404.07972v2 PDF, Table 1 cookie-deletion example; Section 2.2.3","S-037 PDF, Section 2.2 and Table 1 cookie-deletion example",paired_exact_match
S-037,CAND-S-037-001,CAND-S-037-001,authorization_reporting,Present-partial,Present-direct,false,"arXiv:2404.07972v2 PDF, Table 1 cookie-deletion example; Section 2.2.3","S-037 PDF, Section 2.2 and Table 1 cookie-deletion example",paired_exact_match
S-037,CAND-S-037-001,CAND-S-037-001,technical_permission_reporting,Not reported,Present-partial,false,"arXiv:2404.07972v2 PDF, Table 1 cookie-deletion example; Section 2.2.3","S-037 PDF, Section 2.2 and Table 1 cookie-deletion example",paired_exact_match
S-037,CAND-S-037-003,CAND-S-037-005,privilege_basis,Present-partial,Present-partial,true,"arXiv:2404.07972v2 PDF, Table 1 email-recipient example; Appendix B.6.1","S-037 PDF, Table 1 email example; Appendix B.6 Thunderbird setup",paired_exact_match
S-037,CAND-S-037-003,CAND-S-037-005,authorization_reporting,Present-partial,Present-direct,false,"arXiv:2404.07972v2 PDF, Table 1 email-recipient example; Appendix B.6.1","S-037 PDF, Table 1 email example; Appendix B.6 Thunderbird setup",paired_exact_match
S-037,CAND-S-037-003,CAND-S-037-005,technical_permission_reporting,Present-partial,Present-partial,true,"arXiv:2404.07972v2 PDF, Table 1 email-recipient example; Appendix B.6.1","S-037 PDF, Table 1 email example; Appendix B.6 Thunderbird setup",paired_exact_match
S-041,CAND-S-041-001,CAND-S-041-002,privilege_basis,Present-partial,Present-partial,true,PDF pp. 5-8; pp. 19-21; Section 4.1.1; Sections 4.2.3-4.2.4; Prompt 7; Prompt 8; Outputs 1-3,"S-041 PDF, Section 4.1 synthetic interfaces; Figure 6 and Section 4.2.3",paired_exact_match
S-041,CAND-S-041-001,CAND-S-041-002,authorization_reporting,Present-partial,Present-direct,false,PDF pp. 5-8; pp. 19-21; Section 4.1.1; Sections 4.2.3-4.2.4; Prompt 7; Prompt 8; Outputs 1-3,"S-041 PDF, Section 4.1 synthetic interfaces; Figure 6 and Section 4.2.3",paired_exact_match
S-041,CAND-S-041-001,CAND-S-041-002,technical_permission_reporting,Present-partial,Present-partial,true,PDF pp. 5-8; pp. 19-21; Section 4.1.1; Sections 4.2.3-4.2.4; Prompt 7; Prompt 8; Outputs 1-3,"S-041 PDF, Section 4.1 synthetic interfaces; Figure 6 and Section 4.2.3",paired_exact_match
S-041,CAND-S-041-002,CAND-S-041-003,privilege_basis,Present-partial,Present-partial,true,PDF pp. 5-8; pp. 19-21; Section 4.1.1; Sections 4.2.3-4.2.4; Prompt 7; Prompt 8; Outputs 1-3,"S-041 PDF, Section 4.1 synthetic interfaces; Figure 6 and Section 4.2.3",paired_exact_match
S-041,CAND-S-041-002,CAND-S-041-003,authorization_reporting,Present-partial,Present-direct,false,PDF pp. 5-8; pp. 19-21; Section 4.1.1; Sections 4.2.3-4.2.4; Prompt 7; Prompt 8; Outputs 1-3,"S-041 PDF, Section 4.1 synthetic interfaces; Figure 6 and Section 4.2.3",paired_exact_match
S-041,CAND-S-041-002,CAND-S-041-003,technical_permission_reporting,Present-partial,Present-partial,true,PDF pp. 5-8; pp. 19-21; Section 4.1.1; Sections 4.2.3-4.2.4; Prompt 7; Prompt 8; Outputs 1-3,"S-041 PDF, Section 4.1 synthetic interfaces; Figure 6 and Section 4.2.3",paired_exact_match
S-041,CAND-S-041-003,CAND-S-041-005,privilege_basis,Present-partial,Present-partial,true,PDF pp. 5-8; pp. 19-21; Section 4.1.1; Sections 4.2.3-4.2.4; Prompt 7; Prompt 8; Outputs 1-3,"S-041 PDF, Section 4.1 Memory interface; Figure 8 and Section 4.2.4 Persistence",paired_exact_match
S-041,CAND-S-041-003,CAND-S-041-005,authorization_reporting,Present-partial,Present-direct,false,PDF pp. 5-8; pp. 19-21; Section 4.1.1; Sections 4.2.3-4.2.4; Prompt 7; Prompt 8; Outputs 1-3,"S-041 PDF, Section 4.1 Memory interface; Figure 8 and Section 4.2.4 Persistence",paired_exact_match
S-041,CAND-S-041-003,CAND-S-041-005,technical_permission_reporting,Present-partial,Present-partial,true,PDF pp. 5-8; pp. 19-21; Section 4.1.1; Sections 4.2.3-4.2.4; Prompt 7; Prompt 8; Outputs 1-3,"S-041 PDF, Section 4.1 Memory interface; Figure 8 and Section 4.2.4 Persistence",paired_exact_match
S-041,CAND-S-041-004,CAND-S-041-006,privilege_basis,Present-partial,Present-partial,true,PDF pp. 5-8; pp. 19-21; Section 4.1.1; Sections 4.2.3-4.2.4; Prompt 7; Prompt 8; Outputs 1-3,"S-041 PDF, Figure 8 and Section 4.2.4 Persistence",paired_exact_match
S-041,CAND-S-041-004,CAND-S-041-006,authorization_reporting,Present-partial,Present-direct,false,PDF pp. 5-8; pp. 19-21; Section 4.1.1; Sections 4.2.3-4.2.4; Prompt 7; Prompt 8; Outputs 1-3,"S-041 PDF, Figure 8 and Section 4.2.4 Persistence",paired_exact_match
S-041,CAND-S-041-004,CAND-S-041-006,technical_permission_reporting,Present-partial,Present-partial,true,PDF pp. 5-8; pp. 19-21; Section 4.1.1; Sections 4.2.3-4.2.4; Prompt 7; Prompt 8; Outputs 1-3,"S-041 PDF, Figure 8 and Section 4.2.4 Persistence",paired_exact_match
S-057,CAND-S-057-001,CAND-S-057-002,privilege_basis,Present-partial,Present-direct,false,Section 5.2.1 P4; Section 5.5.2; Appendix A.1-A.3; Appendix C Figure 4,"S-057 PDF, P4 Local File System Exfiltration; Appendix C",paired_exact_match
S-057,CAND-S-057-001,CAND-S-057-002,authorization_reporting,Present-partial,Present-partial,true,Section 5.2.1 P4; Section 5.5.2; Appendix A.1-A.3; Appendix C Figure 4,"S-057 PDF, P4 Local File System Exfiltration; Appendix C",paired_exact_match
S-057,CAND-S-057-001,CAND-S-057-002,technical_permission_reporting,Present-partial,Present-direct,false,Section 5.2.1 P4; Section 5.5.2; Appendix A.1-A.3; Appendix C Figure 4,"S-057 PDF, P4 Local File System Exfiltration; Appendix C",paired_exact_match
S-069,CAND-S-069-001,CAND-S-069-001,privilege_basis,Present-partial,Present-direct,false,"PDF pp. 1-7, Figure 2, Sections 3.1-4.1, Appendix B.2, and Table 5","S-069 PDF, Account-email hijacking trace",paired_exact_match
S-069,CAND-S-069-001,CAND-S-069-001,authorization_reporting,Present-direct,Present-partial,false,"PDF pp. 1-7, Figure 2, Sections 3.1-4.1, Appendix B.2, and Table 5","S-069 PDF, Account-email hijacking trace",paired_exact_match
S-069,CAND-S-069-001,CAND-S-069-001,technical_permission_reporting,Present-partial,Present-direct,false,"PDF pp. 1-7, Figure 2, Sections 3.1-4.1, Appendix B.2, and Table 5","S-069 PDF, Account-email hijacking trace",paired_exact_match
S-088,CAND-S-088-001,CAND-S-088-001,privilege_basis,Not reported,Present-partial,false,"Local PDF pp. 1-7, Sections 3-4, Figure 2 and Tables 1-7; Appendix case trace","S-088 PDF, Algorithm 1; Figure 2; Sections 3.1-3.2 and 4.1",paired_exact_match
S-088,CAND-S-088-001,CAND-S-088-001,authorization_reporting,Present-partial,Present-direct,false,"Local PDF pp. 1-7, Sections 3-4, Figure 2 and Tables 1-7; Appendix case trace","S-088 PDF, Algorithm 1; Figure 2; Sections 3.1-3.2 and 4.1",paired_exact_match
S-088,CAND-S-088-001,CAND-S-088-001,technical_permission_reporting,Not reported,Present-partial,false,"Local PDF pp. 1-7, Sections 3-4, Figure 2 and Tables 1-7; Appendix case trace","S-088 PDF, Algorithm 1; Figure 2; Sections 3.1-3.2 and 4.1",paired_exact_match
S-181,CAND-S-181-001,CAND-S-181-001,privilege_basis,Present-partial,Present-partial,true,"PDF pp. 1-3, Sections 1-2 and Figure 1 (local full-text lines 69-97)","S-181 PDF, Infection and trigger phases",paired_exact_match
S-181,CAND-S-181-001,CAND-S-181-001,authorization_reporting,Not reported,Present-partial,false,"PDF pp. 1-3, Sections 1-2 and Figure 1 (local full-text lines 69-97)","S-181 PDF, Infection and trigger phases",paired_exact_match
S-181,CAND-S-181-001,CAND-S-181-001,technical_permission_reporting,Present-partial,Present-partial,true,"PDF pp. 1-3, Sections 1-2 and Figure 1 (local full-text lines 69-97)","S-181 PDF, Infection and trigger phases",paired_exact_match
S-182,CAND-S-182-001,CAND-S-182-001,privilege_basis,Present-partial,Present-partial,true,"PDF pp. 1-3, Sections 1-3 and shared-state mechanism definition (local full-text lines 24-29, 68-89)","S-182 PDF, Shared-state contamination model",paired_exact_match
S-182,CAND-S-182-001,CAND-S-182-001,authorization_reporting,Not reported,Present-partial,false,"PDF pp. 1-3, Sections 1-3 and shared-state mechanism definition (local full-text lines 24-29, 68-89)","S-182 PDF, Shared-state contamination model",paired_exact_match
S-182,CAND-S-182-001,CAND-S-182-001,technical_permission_reporting,Present-partial,Present-partial,true,"PDF pp. 1-3, Sections 1-3 and shared-state mechanism definition (local full-text lines 24-29, 68-89)","S-182 PDF, Shared-state contamination model",paired_exact_match
S-184,CAND-S-184-001,CAND-S-184-001,privilege_basis,Present-partial,Present-direct,false,"PDF pp. 3-6, Sections 3-5 (local full-text lines 183-202, 361-443)","S-184 PDF, Definition 3; memory poisoning attack",paired_exact_match
S-184,CAND-S-184-001,CAND-S-184-001,authorization_reporting,Not reported,Present-partial,false,"PDF pp. 3-6, Sections 3-5 (local full-text lines 183-202, 361-443)","S-184 PDF, Definition 3; memory poisoning attack",paired_exact_match
S-184,CAND-S-184-001,CAND-S-184-001,technical_permission_reporting,Present-partial,Present-direct,false,"PDF pp. 3-6, Sections 3-5 (local full-text lines 183-202, 361-443)","S-184 PDF, Definition 3; memory poisoning attack",paired_exact_match
S-193,CAND-S-193-001,CAND-S-193-001,privilege_basis,Present-partial,Present-direct,false,"PDF pp. 1-5, Sections 1-3 and reverse-shell experiment (local full-text lines 113-173, 319-351)","S-193 PDF, Reverse-shell case study",paired_exact_match
S-193,CAND-S-193-001,CAND-S-193-001,authorization_reporting,Not reported,Present-partial,false,"PDF pp. 1-5, Sections 1-3 and reverse-shell experiment (local full-text lines 113-173, 319-351)","S-193 PDF, Reverse-shell case study",paired_exact_match
S-193,CAND-S-193-001,CAND-S-193-001,technical_permission_reporting,Present-partial,Present-direct,false,"PDF pp. 1-5, Sections 1-3 and reverse-shell experiment (local full-text lines 113-173, 319-351)","S-193 PDF, Reverse-shell case study",paired_exact_match
S-193,CAND-S-193-002,CAND-S-193-002,privilege_basis,Present-partial,Present-partial,true,"PDF pp. 1-6, Sections 1-3 and data-exfiltration experiment (local full-text lines 126-162, 402-417)","S-193 PDF, Data exfiltration section",paired_exact_match
S-193,CAND-S-193-002,CAND-S-193-002,authorization_reporting,Not reported,Present-partial,false,"PDF pp. 1-6, Sections 1-3 and data-exfiltration experiment (local full-text lines 126-162, 402-417)","S-193 PDF, Data exfiltration section",paired_exact_match
S-193,CAND-S-193-002,CAND-S-193-002,technical_permission_reporting,Present-partial,Present-partial,true,"PDF pp. 1-6, Sections 1-3 and data-exfiltration experiment (local full-text lines 126-162, 402-417)","S-193 PDF, Data exfiltration section",paired_exact_match
S-212,CAND-S-212-001,CAND-S-212-001,privilege_basis,Present-partial,Present-partial,true,"PDF pp. 4-7, Sections 3-4 (full-text lines 240-280, 335-365, 487-509)","S-212 PDF, Abstract; benchmark-controlled execution boundary",paired_exact_match
S-212,CAND-S-212-001,CAND-S-212-001,authorization_reporting,Not reported,Present-partial,false,"PDF pp. 4-7, Sections 3-4 (full-text lines 240-280, 335-365, 487-509)","S-212 PDF, Abstract; benchmark-controlled execution boundary",paired_exact_match
S-212,CAND-S-212-001,CAND-S-212-001,technical_permission_reporting,Present-partial,Present-partial,true,"PDF pp. 4-7, Sections 3-4 (full-text lines 240-280, 335-365, 487-509)","S-212 PDF, Abstract; benchmark-controlled execution boundary",paired_exact_match
S-217,CAND-S-217-001,CAND-S-217-001,privilege_basis,Present-partial,Present-partial,true,"PDF pp. 5-7, Sections 5-6 and Figure 2 (local full-text lines 256-320)","S-217 PDF, Risk-augmented execution suite; hazard families",paired_exact_match
S-217,CAND-S-217-001,CAND-S-217-001,authorization_reporting,Not reported,Present-partial,false,"PDF pp. 5-7, Sections 5-6 and Figure 2 (local full-text lines 256-320)","S-217 PDF, Risk-augmented execution suite; hazard families",paired_exact_match
S-217,CAND-S-217-001,CAND-S-217-001,technical_permission_reporting,Present-partial,Present-partial,true,"PDF pp. 5-7, Sections 5-6 and Figure 2 (local full-text lines 256-320)","S-217 PDF, Risk-augmented execution suite; hazard families",paired_exact_match
S-217,CAND-S-217-003,CAND-S-217-005,privilege_basis,Present-partial,Present-partial,true,"PDF pp. 5-7, Sections 5-6 and Figure 2 (local full-text lines 256-320)","S-217 PDF, Safety invariant and hazard-family description",paired_exact_match
S-217,CAND-S-217-003,CAND-S-217-005,authorization_reporting,Not reported,Present-partial,false,"PDF pp. 5-7, Sections 5-6 and Figure 2 (local full-text lines 256-320)","S-217 PDF, Safety invariant and hazard-family description",paired_exact_match
S-217,CAND-S-217-003,CAND-S-217-005,technical_permission_reporting,Present-partial,Present-partial,true,"PDF pp. 5-7, Sections 5-6 and Figure 2 (local full-text lines 256-320)","S-217 PDF, Safety invariant and hazard-family description",paired_exact_match
S-218,CAND-S-218-001,CAND-S-218-001,privilege_basis,Present-partial,Present-direct,false,"PDF pp. 1-6, Sections 1 and 3.3; p. 10, Figure 5 (local full-text lines 13-30, 222-238, 323-330, 605-612, 780-783)","S-218 PDF, Abstract; sent-message primitive; final-state evidence",paired_exact_match
S-218,CAND-S-218-001,CAND-S-218-001,authorization_reporting,Not reported,Present-partial,false,"PDF pp. 1-6, Sections 1 and 3.3; p. 10, Figure 5 (local full-text lines 13-30, 222-238, 323-330, 605-612, 780-783)","S-218 PDF, Abstract; sent-message primitive; final-state evidence",paired_exact_match
S-218,CAND-S-218-001,CAND-S-218-001,technical_permission_reporting,Present-partial,Present-direct,false,"PDF pp. 1-6, Sections 1 and 3.3; p. 10, Figure 5 (local full-text lines 13-30, 222-238, 323-330, 605-612, 780-783)","S-218 PDF, Abstract; sent-message primitive; final-state evidence",paired_exact_match
S-218,CAND-S-218-002,CAND-S-218-002,privilege_basis,Present-partial,Present-direct,false,"PDF pp. 1-6, Sections 1 and 3.3; p. 10, Figure 5 (local full-text lines 13-30, 222-238, 323-330, 605-612, 780-783)","S-218 PDF, Action primitives; calendar final-state evidence",paired_exact_match
S-218,CAND-S-218-002,CAND-S-218-002,authorization_reporting,Not reported,Present-partial,false,"PDF pp. 1-6, Sections 1 and 3.3; p. 10, Figure 5 (local full-text lines 13-30, 222-238, 323-330, 605-612, 780-783)","S-218 PDF, Action primitives; calendar final-state evidence",paired_exact_match
S-218,CAND-S-218-002,CAND-S-218-002,technical_permission_reporting,Present-partial,Present-direct,false,"PDF pp. 1-6, Sections 1 and 3.3; p. 10, Figure 5 (local full-text lines 13-30, 222-238, 323-330, 605-612, 780-783)","S-218 PDF, Action primitives; calendar final-state evidence",paired_exact_match
S-218,CAND-S-218-003,CAND-S-218-003,privilege_basis,Present-partial,Present-direct,false,"PDF pp. 1-6, Sections 1 and 3.3; p. 10, Figure 5 (local full-text lines 13-30, 222-238, 323-330, 605-612, 780-783)","S-218 PDF, Action primitives; final-state evidence",paired_exact_match
S-218,CAND-S-218-003,CAND-S-218-003,authorization_reporting,Not reported,Present-partial,false,"PDF pp. 1-6, Sections 1 and 3.3; p. 10, Figure 5 (local full-text lines 13-30, 222-238, 323-330, 605-612, 780-783)","S-218 PDF, Action primitives; final-state evidence",paired_exact_match
S-218,CAND-S-218-003,CAND-S-218-003,technical_permission_reporting,Present-partial,Present-direct,false,"PDF pp. 1-6, Sections 1 and 3.3; p. 10, Figure 5 (local full-text lines 13-30, 222-238, 323-330, 605-612, 780-783)","S-218 PDF, Action primitives; final-state evidence",paired_exact_match
