study_id,primary_hpat_id,coder_b_hpat_id,primary_candidate_operation_id,coder_b_candidate_operation_id,double_qualified,primary_privilege_evidence_status,coder_b_privilege_evidence_status,privilege_evidence_status_agreement,primary_authorization_judgment,coder_b_authorization_judgment,authorization_judgment_agreement,primary_execution_disposition,coder_b_execution_disposition,execution_disposition_agreement,primary_effect_outcome,coder_b_effect_outcome,effect_outcome_agreement
S-011,HPAT-S-011-001,HPAT-S-011-002,CAND-S-011-001,CAND-S-011-002,true,Present-partial,Present-partial,true,unauthorized,unauthorized,true,unresolved,unresolved,true,unresolved,unresolved,true
S-011,HPAT-S-011-004,HPAT-S-011-003,CAND-S-011-004,CAND-S-011-003,true,Present-partial,Present-partial,true,unauthorized,unauthorized,true,unresolved,unresolved,true,unresolved,unresolved,true
S-037,HPAT-S-037-005,HPAT-S-037-003,CAND-S-037-005,CAND-S-037-003,true,Present-partial,Present-partial,true,not_resolved,authorized,false,attempted_or_simulated,unresolved,false,unresolved,unresolved,true
S-041,HPAT-S-041-002,HPAT-S-041-001,CAND-S-041-002,CAND-S-041-001,true,Present-partial,Present-partial,true,unauthorized,unauthorized,true,completed_in_demonstrated_trace,runtime_completed,false,occurred,occurred,true
S-041,HPAT-S-041-003,HPAT-S-041-002,CAND-S-041-003,CAND-S-041-002,true,Present-partial,Present-partial,true,unauthorized,unauthorized,true,completed_in_demonstrated_trace,runtime_completed,false,unresolved,occurred,false
S-041,HPAT-S-041-005,HPAT-S-041-003,CAND-S-041-005,CAND-S-041-003,true,Present-partial,Present-partial,true,unauthorized,unauthorized,true,completed_in_demonstrated_trace,runtime_completed,false,occurred,occurred,true
S-041,HPAT-S-041-006,HPAT-S-041-004,CAND-S-041-006,CAND-S-041-004,true,Present-partial,Present-partial,true,conditional_pending_confirmation,unauthorized,false,completed_in_demonstrated_trace,runtime_completed,false,occurred,occurred,true
S-057,HPAT-S-057-002,HPAT-S-057-001,CAND-S-057-002,CAND-S-057-001,true,Present-partial,Present-direct,false,Not established for the injected local-file access/exfiltration objective.,undetermined,false,completed_in_demonstrated_trace,runtime_completed,false,unresolved,unresolved,true
S-069,HPAT-S-069-001,HPAT-S-069-001,CAND-S-069-001,CAND-S-069-001,true,Present-partial,Present-direct,false,unauthorized,undetermined,false,completed_in_demonstrated_trace,runtime_completed,false,occurred,unresolved,false
S-181,HPAT-S-181-001,HPAT-S-181-001,CAND-S-181-001,CAND-S-181-001,true,Present-partial,Present-partial,true,undetermined,undetermined,true,source_reported_test_case,runtime_completed,false,unresolved,unresolved,true
S-182,HPAT-S-182-001,HPAT-S-182-001,CAND-S-182-001,CAND-S-182-001,true,Present-partial,Present-partial,true,undetermined,undetermined,true,source_reported_test_case,runtime_completed,false,unresolved,unresolved,true
S-184,HPAT-S-184-001,HPAT-S-184-001,CAND-S-184-001,CAND-S-184-001,true,Present-partial,Present-direct,false,undetermined,undetermined,true,source_reported_test_case,runtime_completed,false,unresolved,unresolved,true
S-193,HPAT-S-193-001,HPAT-S-193-001,CAND-S-193-001,CAND-S-193-001,true,Present-partial,Present-direct,false,undetermined,undetermined,true,source_reported_test_case,runtime_completed,false,unresolved,unresolved,true
S-193,HPAT-S-193-002,HPAT-S-193-002,CAND-S-193-002,CAND-S-193-002,true,Present-partial,Present-partial,true,undetermined,undetermined,true,source_reported_test_case,runtime_completed,false,unresolved,unresolved,true
S-212,HPAT-S-212-001,HPAT-S-212-001,CAND-S-212-001,CAND-S-212-001,true,Present-partial,Present-partial,true,undetermined,undetermined,true,source_reported_test_case,runtime_completed,false,unresolved,unresolved,true
S-217,HPAT-S-217-001,HPAT-S-217-001,CAND-S-217-001,CAND-S-217-001,true,Present-partial,Present-partial,true,undetermined,undetermined,true,source_reported_test_case,runtime_completed,false,unresolved,unresolved,true
S-217,HPAT-S-217-005,HPAT-S-217-003,CAND-S-217-005,CAND-S-217-003,true,Present-partial,Present-partial,true,undetermined,undetermined,true,source_reported_test_case,runtime_completed,false,unresolved,unresolved,true
S-218,HPAT-S-218-001,HPAT-S-218-001,CAND-S-218-001,CAND-S-218-001,true,Present-partial,Present-direct,false,undetermined,undetermined,true,source_reported_test_case,runtime_completed,false,unresolved,unresolved,true
S-218,HPAT-S-218-002,HPAT-S-218-002,CAND-S-218-002,CAND-S-218-002,true,Present-partial,Present-direct,false,undetermined,undetermined,true,source_reported_test_case,runtime_completed,false,unresolved,unresolved,true
S-218,HPAT-S-218-003,HPAT-S-218-003,CAND-S-218-003,CAND-S-218-003,true,Present-partial,Present-direct,false,undetermined,undetermined,true,source_reported_test_case,runtime_completed,false,unresolved,unresolved,true
