role_record_id,study_id,contribution_role,primary_role_status,coder_b_role_status,adjudicated_role_status,adjudication_reason,primary_source_locator,coder_b_source_locator,adjudication_rule,adjudication_status
ROLE-S-013-EVALUATION,S-013,evaluation,central,supporting,central,The paper explicitly presents MUZZLE as an automated evaluation framework and reports a reusable trajectory-guided red-teaming procedure.,Abstract / opening contribution statement,"S-013 PDF, Abstract; Introduction Contributions",Contribution-Role Coding Contract v1.0,adjudicated
ROLE-S-013-SAFEGUARD,S-013,safeguard,not_present,context_only,context_only,Defenses appear as background or motivation; no control or enforcement mechanism is developed as a claimed contribution.,,"S-013 PDF, Introduction, background on browser defenses",Contribution-Role Coding Contract v1.0,adjudicated
ROLE-S-013-THREAT,S-013,threat,supporting,central,supporting,MUZZLE presents an automated framework for evaluating web-agent security; attack generation exercises that evaluation framework rather than serving as the paper's sole central contribution.,Abstract / opening contribution statement,"S-013 PDF, Abstract; Introduction Contributions",Contribution-Role Coding Contract v1.0,adjudicated
ROLE-S-023-EVALUATION,S-023,evaluation,supporting,not_present,not_present,Formal analysis supports the governance architecture but no reusable evaluation artifact or evaluative protocol is claimed.,Abstract / opening contribution statement,,Contribution-Role Coding Contract v1.0,adjudicated
ROLE-S-023-THREAT,S-023,threat,supporting,central,central,The abstract and contribution statement make a taxonomy of memory-corruption and governance risks a substantive contribution.,Abstract / opening contribution statement,"S-023 PDF, Abstract; Introduction, Our contributions",Contribution-Role Coding Contract v1.0,adjudicated
ROLE-S-036-EVALUATION,S-036,evaluation,central,supporting,central,McpSafetyScanner is a reusable security-audit and measurement artifact for assessing arbitrary MCP servers.,Abstract / opening contribution statement,"S-036 PDF, Abstract; Section 5",Contribution-Role Coding Contract v1.0,adjudicated
ROLE-S-036-SAFEGUARD,S-036,safeguard,supporting,central,central,The paper implements a detector/audit mechanism that identifies vulnerabilities and returns remediation guidance for MCP developers.,Abstract / opening contribution statement,"S-036 PDF, Abstract; Section 5, McpSafetyScanner",Contribution-Role Coding Contract v1.0,adjudicated
ROLE-S-041-SAFEGUARD,S-041,safeguard,not_present,context_only,context_only,"Mitigation needs are discussed, but the paper does not develop and validate a control, enforcement, containment, or recovery mechanism.",,"S-041 PDF, Abstract; Introduction; Conclusion",Contribution-Role Coding Contract v1.0,adjudicated
ROLE-S-061-EVALUATION,S-061,evaluation,supporting,central,central,"The paper explicitly claims a reusable evaluation pipeline, task dataset, and controlled protocol for measuring GUI-agent susceptibility.",Title and publisher abstract,"S-061 PDF, Introduction contribution statement; Sections 3-4",Contribution-Role Coding Contract v1.0,adjudicated
ROLE-S-115-EVALUATION,S-115,evaluation,central,supporting,supporting,Experiments validate the tool-invocation attack and case studies; they are not presented as a standalone benchmark or measurement artifact.,Abstract / opening contribution statement,"S-115 PDF, Abstract; Experiments",Contribution-Role Coding Contract v1.0,adjudicated
ROLE-S-115-SAFEGUARD,S-115,safeguard,not_present,context_only,context_only,Defense strategies are discussed but are not developed and substantively evaluated as a control contribution.,,"S-115 PDF, Conclusion",Contribution-Role Coding Contract v1.0,adjudicated
ROLE-S-119-THREAT,S-119,threat,context_only,supporting,supporting,Threat scenarios motivate and test the contextual-security policy; the paper does not introduce them as a new attack contribution.,Title and publisher abstract,"S-119 PDF, Section 2.1 Threat Model",Contribution-Role Coding Contract v1.0,adjudicated
ROLE-S-131-EVALUATION,S-131,evaluation,not_present,central,central,"OSWorld-MCP claims a reusable benchmark, environment, tool set, and evaluation metrics as its main contribution.",,"S-131 PDF, Abstract; Introduction contributions",Contribution-Role Coding Contract v1.0,adjudicated
ROLE-S-167-THREAT,S-167,threat,supporting,central,central,"The paper's stated contributions include threat models and adversarial monitor-red-teaming strategies, so the threat component is developed rather than merely used as a scenario.",Abstract / opening contribution statement,"S-167 PDF, Abstract; Introduction; Section 3",Contribution-Role Coding Contract v1.0,adjudicated
ROLE-S-174-SAFEGUARD,S-174,safeguard,not_present,context_only,context_only,RiOSWorld supplies a risk benchmark; it does not develop or validate a safeguard mechanism as a contribution.,,"S-174 PDF, Conclusion",Contribution-Role Coding Contract v1.0,adjudicated
ROLE-S-181-SAFEGUARD,S-181,safeguard,not_present,context_only,context_only,The discussion identifies the need for defenses but does not claim an implemented safeguard.,,"S-181 PDF, Discussion",Contribution-Role Coding Contract v1.0,adjudicated
ROLE-S-190-EVALUATION,S-190,evaluation,not_present,central,central,SCUBA's reusable benchmark and evaluation protocol are the central artifact and are explicitly presented as contributions.,,"S-190 PDF, Abstract; Benchmark and evaluation sections",Contribution-Role Coding Contract v1.0,adjudicated
ROLE-S-206-SAFEGUARD,S-206,safeguard,supporting,central,central,MobileSafetyBench develops and evaluates the Safety-guided Chain-of-Thought prompting method as a concrete safety intervention.,Abstract / opening contribution statement,"S-206 PDF, Abstract; Introduction contributions",Contribution-Role Coding Contract v1.0,adjudicated
