role_record_id,study_id,contribution_role,primary_role_status,coder_b_role_status,agreement,primary_source_locator,coder_b_source_locator,adjudication_status,adjudicated_role_status
ROLE-S-013-EVALUATION,S-013,evaluation,central,supporting,false,Abstract / opening contribution statement,"S-013 PDF, Abstract; Introduction Contributions",needs_adjudication,
ROLE-S-013-SAFEGUARD,S-013,safeguard,not_present,context_only,false,,"S-013 PDF, Introduction, background on browser defenses",needs_adjudication,
ROLE-S-013-THREAT,S-013,threat,supporting,central,false,Abstract / opening contribution statement,"S-013 PDF, Abstract; Introduction Contributions",needs_adjudication,
ROLE-S-023-EVALUATION,S-023,evaluation,supporting,not_present,false,Abstract / opening contribution statement,,needs_adjudication,
ROLE-S-023-SAFEGUARD,S-023,safeguard,central,central,true,Abstract / opening contribution statement,"S-023 PDF, Abstract; Introduction, Our contributions",agreement_no_adjudication_needed,
ROLE-S-023-THREAT,S-023,threat,supporting,central,false,Abstract / opening contribution statement,"S-023 PDF, Abstract; Introduction, Our contributions",needs_adjudication,
ROLE-S-036-EVALUATION,S-036,evaluation,central,supporting,false,Abstract / opening contribution statement,"S-036 PDF, Abstract; Section 5",needs_adjudication,
ROLE-S-036-SAFEGUARD,S-036,safeguard,supporting,central,false,Abstract / opening contribution statement,"S-036 PDF, Abstract; Section 5, McpSafetyScanner",needs_adjudication,
ROLE-S-036-THREAT,S-036,threat,central,central,true,Abstract / opening contribution statement,"S-036 PDF, Abstract; Introduction; Section 3",agreement_no_adjudication_needed,
ROLE-S-039-EVALUATION,S-039,evaluation,central,central,true,Abstract / opening contribution statement,"S-039 PDF, Abstract; Introduction; Section 3",agreement_no_adjudication_needed,
ROLE-S-039-SAFEGUARD,S-039,safeguard,context_only,context_only,true,Abstract / opening contribution statement,"S-039 PDF, Conclusion/Discussion",agreement_no_adjudication_needed,
ROLE-S-039-THREAT,S-039,threat,supporting,supporting,true,Abstract / opening contribution statement,"S-039 PDF, Introduction; Section 2, HackWorld Environment",agreement_no_adjudication_needed,
ROLE-S-041-EVALUATION,S-041,evaluation,supporting,supporting,true,Title and publisher abstract,"S-041 PDF, Abstract; Sections 4.1-4.2",agreement_no_adjudication_needed,
ROLE-S-041-SAFEGUARD,S-041,safeguard,not_present,context_only,false,,"S-041 PDF, Abstract; Introduction; Conclusion",needs_adjudication,
ROLE-S-041-THREAT,S-041,threat,central,central,true,Title and publisher abstract,"S-041 PDF, Abstract; Introduction contributions; Sections 3-4",agreement_no_adjudication_needed,
ROLE-S-061-EVALUATION,S-061,evaluation,supporting,central,false,Title and publisher abstract,"S-061 PDF, Introduction contribution statement; Sections 3-4",needs_adjudication,
ROLE-S-061-SAFEGUARD,S-061,safeguard,supporting,supporting,true,Title and publisher abstract,"S-061 PDF, Introduction RQ3; Phase 2 methodology and results",agreement_no_adjudication_needed,
ROLE-S-061-THREAT,S-061,threat,central,central,true,Title and publisher abstract,"S-061 PDF, Abstract; Introduction; contribution statement; Phase 1 results",agreement_no_adjudication_needed,
ROLE-S-115-EVALUATION,S-115,evaluation,central,supporting,false,Abstract / opening contribution statement,"S-115 PDF, Abstract; Experiments",needs_adjudication,
ROLE-S-115-SAFEGUARD,S-115,safeguard,not_present,context_only,false,,"S-115 PDF, Conclusion",needs_adjudication,
ROLE-S-115-THREAT,S-115,threat,central,central,true,Abstract / opening contribution statement,"S-115 PDF, Abstract; Introduction, contributions",agreement_no_adjudication_needed,
ROLE-S-119-EVALUATION,S-119,evaluation,supporting,supporting,true,Title and publisher abstract,"S-119 PDF, Sections 4-5 proof-of-concept and evaluation",agreement_no_adjudication_needed,
ROLE-S-119-SAFEGUARD,S-119,safeguard,central,central,true,Title and publisher abstract,"S-119 PDF, Abstract; Introduction contributions; Sections 3-5",agreement_no_adjudication_needed,
ROLE-S-119-THREAT,S-119,threat,context_only,supporting,false,Title and publisher abstract,"S-119 PDF, Section 2.1 Threat Model",needs_adjudication,
ROLE-S-131-EVALUATION,S-131,evaluation,not_present,central,false,,"S-131 PDF, Abstract; Introduction contributions",needs_adjudication,
ROLE-S-131-SAFEGUARD,S-131,safeguard,not_present,not_present,true,,,agreement_no_adjudication_needed,
ROLE-S-131-THREAT,S-131,threat,not_present,not_present,true,,,agreement_no_adjudication_needed,
ROLE-S-151-EVALUATION,S-151,evaluation,supporting,supporting,true,Abstract / opening contribution statement,"S-151 PDF, Abstract; Experiments",agreement_no_adjudication_needed,
ROLE-S-151-SAFEGUARD,S-151,safeguard,central,central,true,Abstract / opening contribution statement,"S-151 PDF, Abstract; Introduction contributions",agreement_no_adjudication_needed,
ROLE-S-151-THREAT,S-151,threat,supporting,supporting,true,Abstract / opening contribution statement,"S-151 PDF, Abstract; AgentDojo experiments",agreement_no_adjudication_needed,
ROLE-S-158-EVALUATION,S-158,evaluation,supporting,supporting,true,Abstract / opening contribution statement,"S-158 PDF, Abstract; Experiments",agreement_no_adjudication_needed,
ROLE-S-158-SAFEGUARD,S-158,safeguard,central,central,true,Abstract / opening contribution statement,"S-158 PDF, Abstract; Method",agreement_no_adjudication_needed,
ROLE-S-158-THREAT,S-158,threat,supporting,supporting,true,Abstract / opening contribution statement,"S-158 PDF, Abstract; AgentDojo/Accidental Leakage experiments",agreement_no_adjudication_needed,
ROLE-S-167-EVALUATION,S-167,evaluation,central,central,true,Abstract / opening contribution statement,"S-167 PDF, Abstract; Introduction contributions",agreement_no_adjudication_needed,
ROLE-S-167-SAFEGUARD,S-167,safeguard,central,central,true,Abstract / opening contribution statement,"S-167 PDF, Abstract; Introduction contributions; Section 3.5",agreement_no_adjudication_needed,
ROLE-S-167-THREAT,S-167,threat,supporting,central,false,Abstract / opening contribution statement,"S-167 PDF, Abstract; Introduction; Section 3",needs_adjudication,
ROLE-S-174-EVALUATION,S-174,evaluation,central,central,true,Abstract / opening contribution statement,"S-174 PDF, Abstract; Introduction; Section 3",agreement_no_adjudication_needed,
ROLE-S-174-SAFEGUARD,S-174,safeguard,not_present,context_only,false,,"S-174 PDF, Conclusion",needs_adjudication,
ROLE-S-174-THREAT,S-174,threat,supporting,supporting,true,Abstract / opening contribution statement,"S-174 PDF, Abstract; Section 3 Risk Tasks",agreement_no_adjudication_needed,
ROLE-S-181-EVALUATION,S-181,evaluation,supporting,supporting,true,Abstract / opening contribution statement,"S-181 PDF, Abstract; Experiments",agreement_no_adjudication_needed,
ROLE-S-181-SAFEGUARD,S-181,safeguard,not_present,context_only,false,,"S-181 PDF, Discussion",needs_adjudication,
ROLE-S-181-THREAT,S-181,threat,central,central,true,Abstract / opening contribution statement,"S-181 PDF, Abstract; Introduction",agreement_no_adjudication_needed,
ROLE-S-184-EVALUATION,S-184,evaluation,supporting,supporting,true,Abstract / opening contribution statement,"S-184 PDF, Abstract; Evaluation",agreement_no_adjudication_needed,
ROLE-S-184-SAFEGUARD,S-184,safeguard,central,central,true,Abstract / opening contribution statement,"S-184 PDF, Abstract; Defense section",agreement_no_adjudication_needed,
ROLE-S-184-THREAT,S-184,threat,central,central,true,Abstract / opening contribution statement,"S-184 PDF, Abstract; Attack section",agreement_no_adjudication_needed,
ROLE-S-190-EVALUATION,S-190,evaluation,not_present,central,false,,"S-190 PDF, Abstract; Benchmark and evaluation sections",needs_adjudication,
ROLE-S-190-SAFEGUARD,S-190,safeguard,not_present,not_present,true,,,agreement_no_adjudication_needed,
ROLE-S-190-THREAT,S-190,threat,not_present,not_present,true,,,agreement_no_adjudication_needed,
ROLE-S-206-EVALUATION,S-206,evaluation,central,central,true,Abstract / opening contribution statement,"S-206 PDF, Abstract; Introduction contributions",agreement_no_adjudication_needed,
ROLE-S-206-SAFEGUARD,S-206,safeguard,supporting,central,false,Abstract / opening contribution statement,"S-206 PDF, Abstract; Introduction contributions",needs_adjudication,
ROLE-S-206-THREAT,S-206,threat,supporting,supporting,true,Abstract / opening contribution statement,"S-206 PDF, Abstract; Task suite",agreement_no_adjudication_needed,
ROLE-S-216-EVALUATION,S-216,evaluation,central,central,true,Abstract / opening contribution statement,"S-216 PDF, Abstract; Introduction; Section 3",agreement_no_adjudication_needed,
ROLE-S-216-SAFEGUARD,S-216,safeguard,not_present,not_present,true,,,agreement_no_adjudication_needed,
ROLE-S-216-THREAT,S-216,threat,not_present,not_present,true,,,agreement_no_adjudication_needed,
