study_id,primary_completion_reason,coder_b_completion_reason,primary_candidate_discovery_status,coder_b_candidate_discovery_status,candidate_discovery_status_agreement,primary_eligibility_review_status,coder_b_eligibility_review_status,eligibility_review_status_agreement,primary_candidate_audit_review_status,coder_b_candidate_audit_review_status,candidate_audit_review_status_agreement,primary_hpat_review_status,coder_b_hpat_review_status,hpat_review_status_agreement,primary_cross_transition_review_status,coder_b_cross_transition_review_status,cross_transition_review_status_agreement
S-001,"Ten source-native model-mediated desktop operations were reviewed, including the Thunderbird account-removal trace and qualitative file, document, settings, and image operations. None has a source-established independent privilege basis linked to the concrete operation. Zero HPAT; benchmark success rates remain aggregate.","The source was reviewed, but no concrete security-relevant operation satisfying Q1 was reported; ordinary capability tasks, model outputs, or scores were not promoted to candidates.",one_or_more_candidates,no_candidate_operation,false,complete,complete,true,complete,not_applicable,false,not_applicable,not_applicable,true,not_applicable,complete,false
S-002,"The full text was reviewed. This source surveys OS-agent components, training approaches, evaluation metrics, benchmarks, products, and challenges. Figure 1 and Figure 4 are illustrative examples and overview diagrams; cited systems and cases remain attributable to their original sources. The survey does not report a source-native model-mediated operation with a source-resolved target and operation-to-capability linkage.",No concrete security-relevant operation was resolvable from the packaged source without inventing an atomic unit; source-native aggregate evidence is retained only at study scope.,no_candidate_operation,aggregate_only,false,complete,complete,true,not_applicable,not_applicable,true,not_applicable,not_applicable,true,not_applicable,complete,false
S-004,"The full text was reviewed. The survey introduces a workflow-aligned Perception/Reasoning/Interaction taxonomy and synthesizes external threats, defenses, and benchmarks. Its references to submitting forms, granting permissions, deleting data, and financial actions are field-level examples, not source-native operations. It therefore has no source-native model-mediated operation with source-resolved target and operation-to-capability linkage for HPAT coding.",No concrete security-relevant operation was resolvable from the packaged source without inventing an atomic unit; source-native aggregate evidence is retained only at study scope.,no_candidate_operation,aggregate_only,false,complete,complete,true,not_applicable,not_applicable,true,not_applicable,not_applicable,true,not_applicable,complete,false
S-011,"Four explicitly named source-native injection-task examples were re-reviewed. Each is a model-mediated operation linked to a configured service/resource tool surface at benchmark-design level. The 97 tasks, 27 injection targets, and 629 security cases remain aggregates and are not fabricated into runs.",3 source-native candidate operation(s) were audited; 3 independently passed the model-mediation and operation-linked privilege gates. Only those qualified candidates received HPAT and full relation coding.,one_or_more_candidates,one_or_more_candidates,true,complete,complete,true,complete,complete,true,complete,complete,true,not_applicable,complete,false
S-014,"MobileRisk supplies controlled Android trajectories and category aggregates. Although the paper lists applications and sensitive task types, its ten retained category-level candidates do not identify a model-mediated concrete operation linked to a particular account, session, credential, permission, or protected-resource access relation. No HPAT is created.",All independently discovered candidate operation classes were audited; only Established privilege linkages enter HPAT records.,one_or_more_candidates,one_or_more_candidates,true,complete,complete,true,complete,complete,true,complete,complete,true,complete,complete,true
S-015,The empirical units are malicious or benign text and image segments evaluated by detectors. The formal web-agent action model and cited attack examples supply context only; this source reports no source-native model-mediated operation suitable for HPAT eligibility review.,"The source was reviewed, but no concrete security-relevant operation satisfying Q1 was reported; ordinary capability tasks, model outputs, or scores were not promoted to candidates.",no_candidate_operation,no_candidate_operation,true,complete,complete,true,not_applicable,not_applicable,true,not_applicable,not_applicable,true,not_applicable,complete,false
S-020,"The review retained five source-native domain-level candidates. The ReAct protocol establishes model-mediated multi-turn tool use and logs, but real MCP server availability, tool names, and attack types do not establish a credential, account, authenticated session, role, permission scope, or operation-linked protected-resource access relation. All five remain candidate diagnostic records; no HPAT is created.",All independently discovered candidate operation classes were audited; only Established privilege linkages enter HPAT records.,one_or_more_candidates,one_or_more_candidates,true,complete,complete,true,complete,not_applicable,false,complete,not_applicable,false,not_applicable,complete,false
S-025,"Prompt and tool attack messages are model-mediated, while memory insertion and graph-edge excision are fixed setup or GNN procedures. The source provides no account, credential, session, permission-governed interface, or protected-resource access relation for any concrete message or topology operation.",All independently discovered candidate operation classes were audited; only Established privilege linkages enter HPAT records.,one_or_more_candidates,one_or_more_candidates,true,complete,complete,true,complete,complete,true,complete,not_applicable,false,not_applicable,complete,false
S-027,"The full text was reviewed. It is a survey of Internet-of-Agents security and privacy threats, countermeasures, prior systems, and open research directions. It does not report a source-native model-mediated operation with a source-resolved target and independent privilege-bearing capability. Referenced agent attacks, MCP incidents, and embodied-agent studies are not reattributed as S-027 operations.","The supplied source is a survey synthesis. It reports threat categories, examples, and countermeasures but does not establish a source-native concrete model-mediated operation with an operation-linked privilege basis without importing operations from cited studies.",no_candidate_operation,aggregate_only,false,complete,complete,true,not_applicable,not_applicable,true,not_applicable,not_applicable,true,not_applicable,complete,false
S-037,"Twelve named operation units from OSWorld task examples and its Thunderbird account-profile setup were reviewed. Four Thunderbird operations establish a design-level account-bound capability-to-operation link and qualify as Present-partial/design_only HPATs. Other operations remain candidate-only. The 369-task benchmark, 43 Windows tasks, and aggregate success rates are not reverse-split into runtime transitions.",3 source-native candidate operation(s) were audited; 3 independently passed the model-mediation and operation-linked privilege gates. Only those qualified candidates received HPAT and full relation coding.,one_or_more_candidates,one_or_more_candidates,true,complete,complete,true,complete,complete,true,complete,complete,true,not_applicable,complete,false
S-041,"Six source-native synthetic-interface operations meet the independent privilege gate because the source explicitly defines and invokes the interface: email read, address-book read, email send, URL retrieval, memory write, and memory read. Each eligibility record is Present-partial/design_only because every interface returns prepared content and cannot access real systems. Bing Chat observations are not reverse-split into additional transitions.",4 source-native candidate operation(s) were audited; 4 independently passed the model-mediation and operation-linked privilege gates. Only those qualified candidates received HPAT and full relation coding.,one_or_more_candidates,one_or_more_candidates,true,complete,complete,true,complete,complete,true,complete,complete,true,complete,complete,true
S-044,"ASB task operations are model-mediated candidates, but its target tools are simulated from predefined outputs. The paper supplies no operation-linked identity, credential, account, permission scope, or protected interface. Zero HPAT.",All independently discovered candidate operation classes were audited; only Established privilege linkages enter HPAT records.,one_or_more_candidates,one_or_more_candidates,true,complete,complete,true,complete,complete,true,not_applicable,not_applicable,true,not_applicable,complete,false
S-054,"BrowseSafe reports constructed HTML attack/benign samples and detection-model evaluations. It does not report a source-native CUA operation with a protected target or operation-linked access basis. Its action text and benchmark scores remain source-native aggregates, not transitions.",All independently discovered candidate operation classes were audited; only Established privilege linkages enter HPAT records.,aggregate_only,one_or_more_candidates,false,complete,complete,true,not_applicable,complete,false,not_applicable,not_applicable,true,not_applicable,complete,false
S-057,"The source's aggregate payload taxonomy is not reverse-split. Seven distinct demonstrations are retained: Google Meet joining, file-system exposure, browser refresh/availability harm, Twitter publication, false summary, task halting, and ParaBank transfer. Four operations have source-established capability-to-operation linkage and are qualified HPATs; no containment, recovery, or cross-transition relation is inferred.",All independently discovered candidate operation classes were audited; only Established privilege linkages enter HPAT records.,one_or_more_candidates,one_or_more_candidates,true,complete,complete,true,complete,complete,true,complete,complete,true,complete,complete,true
S-069,"Fresh local review retains the explicit Figure 2 account-email change as one design-only HPAT. The source's aggregate attacker-goal table is not reverse-split; production dissemination, containment, and recovery are not inferred.",All independently discovered candidate operation classes were audited; only Established privilege linkages enter HPAT records.,one_or_more_candidates,one_or_more_candidates,true,complete,complete,true,complete,complete,true,complete,complete,true,complete,complete,true
S-072,"Fresh local review of BrowserART (PDF SHA-256 DAC1054A0A353DB947C57C08C5BE65D251BD5C31190CA83F4EFBDFA9E6EB5600) retains the synthetic Gmail send as a model-mediated consequential Candidate Operation. No account, session, credential, permission, delegation, or policy-governed access relation is established for that operation; S-072 therefore has zero qualified HPATs under v3.1.2.",All independently discovered candidate operation classes were audited; only Established privilege linkages enter HPAT records.,one_or_more_candidates,one_or_more_candidates,true,complete,complete,true,complete,complete,true,not_applicable,not_applicable,true,not_applicable,complete,false
S-080,Fresh local v3.1.2 review completed. 2 Candidate Operation(s); 0 qualified HPAT(s). Candidate-wide records remain diagnostic and only independently privileged operations enter HPAC synthesis.,All independently discovered candidate operation classes were audited; only Established privilege linkages enter HPAT records.,one_or_more_candidates,one_or_more_candidates,true,complete,complete,true,complete,complete,true,not_applicable,complete,false,not_applicable,complete,false
S-088,"The AndroidWorld walkthrough reports a model-mediated click/input sequence that adds contact Hugo Pereira and opens an injected SMS notification. The benchmark is a controlled mobile environment; the source does not establish an account, credential, authenticated session, technical permission, delegation, or policy-governed access relation for the operation.",1 source-native candidate operation(s) were audited; 1 independently passed the model-mediation and operation-linked privilege gates. Only those qualified candidates received HPAT and full relation coding.,one_or_more_candidates,one_or_more_candidates,true,complete,complete,true,complete,complete,true,not_applicable,complete,false,not_applicable,complete,false
S-091,"Phi-Ground evaluates GUI action grounding and coordinate prediction. The source does not report a completed protected-resource operation, external effect, or independent privilege-bearing access relation.","The source was reviewed, but no concrete security-relevant operation satisfying Q1 was reported; ordinary capability tasks, model outputs, or scores were not promoted to candidates.",aggregate_only,no_candidate_operation,false,complete,complete,true,not_applicable,not_applicable,true,not_applicable,not_applicable,true,not_applicable,complete,false
S-093,WebPII provides annotated e-commerce screenshots and evaluates PII detection. It does not report a model-mediated consequential operation or a privilege-bearing access relation.,"The source was reviewed, but no concrete security-relevant operation satisfying Q1 was reported; ordinary capability tasks, model outputs, or scores were not promoted to candidates.",aggregate_only,no_candidate_operation,false,complete,complete,true,not_applicable,not_applicable,true,not_applicable,not_applicable,true,not_applicable,complete,false
S-094,"VWA-Adv reports model-mediated web-agent action categories in real web application replicas, including adding an item to a cart and leaving or modifying a review/comment. The source describes attacker access and aggregate attack-success rates, but does not establish an operation-specific account/session permission relation for the agent; the category is retained as a diagnostic candidate and yields zero qualified HPATs.","The source was reviewed, but no concrete security-relevant operation satisfying Q1 was reported; ordinary capability tasks, model outputs, or scores were not promoted to candidates.",one_or_more_candidates,no_candidate_operation,false,complete,complete,true,complete,not_applicable,false,not_applicable,not_applicable,true,not_applicable,complete,false
S-100,"CFH-Hard computer-use scenarios direct an email agent to add an attacker-controlled support address to the CC field of the next outgoing email. The source describes the MAS's access to user emails and logged-in web views and the email agent's simulated send; this establishes a design-only operation-to-capability linkage, not real-world dissemination, containment, or recovery.",All independently discovered candidate operation classes were audited; only Established privilege linkages enter HPAT records.,one_or_more_candidates,one_or_more_candidates,true,complete,complete,true,complete,complete,true,complete,not_applicable,false,complete,complete,true
S-107,"The CORAL/ACP experiments use a bespoke TypeScript adversarial client that creates sessions and sends malicious payloads. The source establishes protocol vulnerabilities, but the selected operation is attributed to the non-model harness rather than model interpretation, planning, or action selection.","The source was reviewed, but no concrete security-relevant operation satisfying Q1 was reported; ordinary capability tasks, model outputs, or scores were not promoted to candidates.",one_or_more_candidates,no_candidate_operation,false,complete,complete,true,not_applicable,not_applicable,true,not_applicable,not_applicable,true,not_applicable,complete,false
S-116,"Fresh local v3.1.2 source review completed: 1 Candidate Operation(s), 0 qualified HPAT(s).",All independently discovered candidate operation classes were audited; only Established privilege linkages enter HPAT records.,one_or_more_candidates,one_or_more_candidates,true,complete,complete,true,complete,complete,true,not_applicable,complete,false,not_applicable,complete,false
S-122,Two design-only HPATs are coded from the published financial-data retrieval and Gmail dispatch attacker case.,All independently discovered candidate operation classes were audited; only Established privilege linkages enter HPAT records.,one_or_more_candidates,one_or_more_candidates,true,complete,complete,true,complete,complete,true,complete,complete,true,not_applicable,complete,false
S-130,The source is an architecture and scenario discussion; it supplies no source-native atomic model-mediated consequential operation eligible for HPAT coding.,1 source-native candidate operation(s) were audited; 1 independently passed the model-mediation and operation-linked privilege gates. Only those qualified candidates received HPAT and full relation coding.,no_candidate_operation,one_or_more_candidates,false,complete,complete,true,not_applicable,complete,false,not_applicable,complete,false,not_applicable,complete,false
S-144,Fresh local v3.1.2 review completed: two controlled sandbox command paths qualify as design-only HPATs.,All independently discovered candidate operation classes were audited; only Established privilege linkages enter HPAT records.,one_or_more_candidates,one_or_more_candidates,true,complete,complete,true,complete,complete,true,complete,complete,true,not_applicable,complete,false
S-146,"The PRISM paper supplies 110 hand-authored harness cases and aggregate benchmark results, but does not identify a source-supported model-selected consequential operation with an operation-linked privilege basis.",All independently discovered candidate operation classes were audited; only Established privilege linkages enter HPAT records.,aggregate_only,one_or_more_candidates,false,complete,complete,true,not_applicable,complete,false,not_applicable,complete,false,not_applicable,complete,false
S-147,"SkillSieve statically analyzes 49,592 skill packages and labeled benchmark records; it does not execute skills or report a model-mediated consequential operation.","The source was reviewed, but no concrete security-relevant operation satisfying Q1 was reported; ordinary capability tasks, model outputs, or scores were not promoted to candidates.",aggregate_only,no_candidate_operation,false,complete,complete,true,not_applicable,not_applicable,true,not_applicable,not_applicable,true,not_applicable,complete,false
S-151,Source-native qualified HPATs are documented.,All independently discovered candidate operation classes were audited; only Established privilege linkages enter HPAT records.,one_or_more_candidates,one_or_more_candidates,true,complete,complete,true,complete,complete,true,complete,complete,true,not_applicable,complete,false
S-172,The source reports interviews and aggregate user consequences rather than a source-native model-mediated operation.,2 source-native candidate operation(s) were audited; 1 independently passed the model-mediation and operation-linked privilege gates. Only those qualified candidates received HPAT and full relation coding.,aggregate_only,one_or_more_candidates,false,complete,complete,true,not_applicable,complete,false,not_applicable,complete,false,not_applicable,complete,false
S-176,AgentLAB contributes one qualified configured-email operation class.,No concrete security-relevant operation was resolvable from the packaged source without inventing an atomic unit; source-native aggregate evidence is retained only at study scope.,one_or_more_candidates,aggregate_only,false,complete,complete,true,complete,not_applicable,false,complete,not_applicable,false,not_applicable,complete,false
S-181,Zombie Agents contributes one qualified persistent-memory update HPAT.,All independently discovered candidate operation classes were audited; only Established privilege linkages enter HPAT records.,one_or_more_candidates,one_or_more_candidates,true,complete,complete,true,complete,complete,true,complete,complete,true,not_applicable,complete,false
S-182,No Attacker Needed contributes one qualified shared-state write HPAT.,All independently discovered candidate operation classes were audited; only Established privilege linkages enter HPAT records.,one_or_more_candidates,one_or_more_candidates,true,complete,complete,true,complete,complete,true,complete,complete,true,not_applicable,complete,false
S-184,Memory Poisoning Attack and Defense contributes one qualified persistent shared-memory append HPAT.,All independently discovered candidate operation classes were audited; only Established privilege linkages enter HPAT records.,one_or_more_candidates,one_or_more_candidates,true,complete,complete,true,complete,complete,true,complete,complete,true,not_applicable,complete,false
S-192,"Agents Under Siege evaluates optimized prompts and aggregate attack success, not source-native privileged operations.",All independently discovered candidate operation classes were audited; only Established privilege linkages enter HPAT records.,no_candidate_operation,one_or_more_candidates,false,complete,complete,true,not_applicable,complete,false,not_applicable,not_applicable,true,not_applicable,complete,false
S-193,Multi-agent malicious-code experiments contribute reverse-shell and private-data-exfiltration HPATs.,All independently discovered candidate operation classes were audited; only Established privilege linkages enter HPAT records.,one_or_more_candidates,one_or_more_candidates,true,complete,complete,true,complete,complete,true,complete,complete,true,not_applicable,complete,false
S-196,"Source is evaluator, reward-model, or unresolved-version reporting; it supplies no source-native model-mediated consequential operation for HPAT coding.","The source was reviewed, but no concrete security-relevant operation satisfying Q1 was reported; ordinary capability tasks, model outputs, or scores were not promoted to candidates.",no_candidate_operation,no_candidate_operation,true,complete,complete,true,not_applicable,not_applicable,true,not_applicable,not_applicable,true,not_applicable,complete,false
S-198,"Source is evaluator, reward-model, or unresolved-version reporting; it supplies no source-native model-mediated consequential operation for HPAT coding.",1 source-native candidate operation(s) were audited; 1 independently passed the model-mediation and operation-linked privilege gates. Only those qualified candidates received HPAT and full relation coding.,no_candidate_operation,one_or_more_candidates,false,complete,complete,true,not_applicable,complete,false,not_applicable,complete,false,not_applicable,complete,false
S-204,"Fresh local v3.1.2 review completed: 1 Candidate Operation(s), 0 qualified design-only HPAT(s).","The source was reviewed, but no concrete security-relevant operation satisfying Q1 was reported; ordinary capability tasks, model outputs, or scores were not promoted to candidates.",one_or_more_candidates,no_candidate_operation,false,complete,complete,true,complete,not_applicable,false,not_applicable,not_applicable,true,not_applicable,complete,false
S-205,"Fresh local v3.1.2 review completed: 2 Candidate Operation(s), 0 qualified design-only HPAT(s).","The source was reviewed, but no concrete security-relevant operation satisfying Q1 was reported; ordinary capability tasks, model outputs, or scores were not promoted to candidates.",one_or_more_candidates,no_candidate_operation,false,complete,complete,true,complete,not_applicable,false,not_applicable,not_applicable,true,not_applicable,complete,false
S-210,"Fresh local v3.1.2 review completed: 3 Candidate Operation(s), 0 qualified design-only HPAT(s).",All independently discovered candidate operation classes were audited; only Established privilege linkages enter HPAT records.,one_or_more_candidates,one_or_more_candidates,true,complete,complete,true,complete,complete,true,not_applicable,complete,false,not_applicable,complete,false
S-212,"Fresh local v3.1.2 review completed: 1 Candidate Operation(s), 1 qualified design-only HPAT(s).",All independently discovered candidate operation classes were audited; only Established privilege linkages enter HPAT records.,one_or_more_candidates,one_or_more_candidates,true,complete,complete,true,complete,complete,true,complete,complete,true,not_applicable,complete,false
S-217,one_or_more_qualified_hpats,All independently discovered candidate operation classes were audited; only Established privilege linkages enter HPAT records.,one_or_more_candidates,one_or_more_candidates,true,complete,complete,true,complete,complete,true,complete,complete,true,complete,complete,true
S-218,one_or_more_qualified_hpats,All independently discovered candidate operation classes were audited; only Established privilege linkages enter HPAT records.,one_or_more_candidates,one_or_more_candidates,true,complete,complete,true,complete,complete,true,complete,complete,true,complete,complete,true
