study_id,central_roles,central_role_count
S-007,evaluation;threat,2
S-008,evaluation;threat,2
S-009,evaluation;threat,2
S-010,evaluation;threat,2
S-011,evaluation,1
S-013,evaluation,1
S-016,evaluation,1
S-018,threat,1
S-021,threat,1
S-023,safeguard;threat,2
S-028,evaluation;safeguard,2
S-034,evaluation,1
S-036,evaluation;safeguard;threat,3
S-037,evaluation,1
S-038,evaluation,1
S-039,evaluation,1
S-041,threat,1
S-047,safeguard,1
S-048,safeguard,1
S-049,safeguard;threat,2
S-050,safeguard,1
S-057,evaluation;threat,2
S-060,threat,1
S-061,evaluation;threat,2
S-063,evaluation,1
S-064,evaluation;safeguard,2
S-065,safeguard,1
S-069,evaluation;safeguard;threat,3
S-071,safeguard,1
S-074,threat,1
S-076,evaluation;threat,2
S-080,safeguard,1
S-085,threat,1
S-089,safeguard;threat,2
S-100,safeguard;threat,2
S-103,threat,1
S-104,evaluation;safeguard;threat,3
S-105,evaluation,1
S-108,,0
S-111,safeguard,1
S-112,evaluation,1
S-115,threat,1
S-118,threat,1
S-119,safeguard,1
S-121,evaluation,1
S-122,evaluation;threat,2
S-131,evaluation,1
S-132,evaluation;threat,2
S-133,evaluation,1
S-134,threat,1
S-138,safeguard,1
S-144,safeguard;threat,2
S-149,evaluation;threat,2
S-150,evaluation;threat,2
S-151,safeguard,1
S-153,safeguard,1
S-155,safeguard,1
S-156,safeguard,1
S-158,safeguard,1
S-159,evaluation;safeguard,2
S-160,safeguard,1
S-161,evaluation;safeguard;threat,3
S-163,evaluation,1
S-164,safeguard,1
S-165,evaluation;safeguard,2
S-167,evaluation;safeguard;threat,3
S-168,safeguard,1
S-173,threat,1
S-174,evaluation,1
S-175,threat,1
S-176,evaluation,1
S-181,threat,1
S-182,threat,1
S-184,safeguard;threat,2
S-186,threat,1
S-188,safeguard,1
S-190,evaluation,1
S-193,threat,1
S-201,threat,1
S-202,,0
S-203,,0
S-206,evaluation;safeguard,2
S-208,evaluation;threat,2
S-212,evaluation,1
S-213,threat,1
S-214,threat,1
S-216,evaluation,1
S-217,evaluation,1
S-218,evaluation;threat,2
S-220,,0
S-223,threat,1
