run_id,namespace,source,query_id,query_family,field_scope,source_representation,snapshot_id,raw_snapshot_sha256,year_filter,records_scanned_2023_2026,matched_occurrences,execution_timestamp_utc,status,error_message
FORMAL-ACL-V12-Q-A1,FORMAL,ACL Anthology,Q-A1,Direct CUA / GUI / OS / Web / browser / mobile agent labels,title_abstract,official bulk BibTeX export with abstracts,ACL-BULK-2026-08-14-6f169c7fbd9b91b6,6f169c7fbd9b91b62cfe76b334b993b4d4930f259df17eabed27383f40adfb87,2023-2026,46464,133,2026-08-14T09:07:08+00:00,COMPLETED,
FORMAL-ACL-V12-Q-A2S,FORMAL,ACL Anthology,Q-A2S,Computer / desktop / OS environment foundations,title_abstract,official bulk BibTeX export with abstracts,ACL-BULK-2026-08-14-6f169c7fbd9b91b6,6f169c7fbd9b91b62cfe76b334b993b4d4930f259df17eabed27383f40adfb87,2023-2026,46464,5,2026-08-14T09:07:08+00:00,COMPLETED,
FORMAL-ACL-V12-Q-A2W,FORMAL,ACL Anthology,Q-A2W,Web / browser / mobile environment foundations,title_abstract,official bulk BibTeX export with abstracts,ACL-BULK-2026-08-14-6f169c7fbd9b91b6,6f169c7fbd9b91b62cfe76b334b993b4d4930f259df17eabed27383f40adfb87,2023-2026,46464,26,2026-08-14T09:07:08+00:00,COMPLETED,
FORMAL-ACL-V12-Q-A3,FORMAL,ACL Anthology,Q-A3,CUA benchmark / reliability / task-execution foundations,title_abstract,official bulk BibTeX export with abstracts,ACL-BULK-2026-08-14-6f169c7fbd9b91b6,6f169c7fbd9b91b62cfe76b334b993b4d4930f259df17eabed27383f40adfb87,2023-2026,46464,91,2026-08-14T09:07:08+00:00,COMPLETED,
FORMAL-ACL-V12-Q-B1,FORMAL,ACL Anthology,Q-B1,Prompt / indirect / environmental injection and task redirection,title_abstract,official bulk BibTeX export with abstracts,ACL-BULK-2026-08-14-6f169c7fbd9b91b6,6f169c7fbd9b91b62cfe76b334b993b4d4930f259df17eabed27383f40adfb87,2023-2026,46464,24,2026-08-14T09:07:08+00:00,COMPLETED,
FORMAL-ACL-V12-Q-B2,FORMAL,ACL Anthology,Q-B2,Visual / deceptive-interface attacks,title_abstract,official bulk BibTeX export with abstracts,ACL-BULK-2026-08-14-6f169c7fbd9b91b6,6f169c7fbd9b91b62cfe76b334b993b4d4930f259df17eabed27383f40adfb87,2023-2026,46464,12,2026-08-14T09:07:08+00:00,COMPLETED,
FORMAL-ACL-V12-Q-B3,FORMAL,ACL Anthology,Q-B3,Tool / cross-tool / control-flow / data-flow security,title_abstract,official bulk BibTeX export with abstracts,ACL-BULK-2026-08-14-6f169c7fbd9b91b6,6f169c7fbd9b91b62cfe76b334b993b4d4930f259df17eabed27383f40adfb87,2023-2026,46464,15,2026-08-14T09:07:08+00:00,COMPLETED,
FORMAL-ACL-V12-Q-B4,FORMAL,ACL Anthology,Q-B4,MCP / agent-protocol security,title_abstract,official bulk BibTeX export with abstracts,ACL-BULK-2026-08-14-6f169c7fbd9b91b6,6f169c7fbd9b91b62cfe76b334b993b4d4930f259df17eabed27383f40adfb87,2023-2026,46464,11,2026-08-14T09:07:08+00:00,COMPLETED,
FORMAL-ACL-V12-Q-C1,FORMAL,ACL Anthology,Q-C1,Memory / persistent state / cross-session security,title_abstract,official bulk BibTeX export with abstracts,ACL-BULK-2026-08-14-6f169c7fbd9b91b6,6f169c7fbd9b91b62cfe76b334b993b4d4930f259df17eabed27383f40adfb87,2023-2026,46464,10,2026-08-14T09:07:08+00:00,COMPLETED,
FORMAL-ACL-V12-Q-C2,FORMAL,ACL Anthology,Q-C2,Multi-agent / shared-state / communication security,title_abstract,official bulk BibTeX export with abstracts,ACL-BULK-2026-08-14-6f169c7fbd9b91b6,6f169c7fbd9b91b62cfe76b334b993b4d4930f259df17eabed27383f40adfb87,2023-2026,46464,48,2026-08-14T09:07:08+00:00,COMPLETED,
FORMAL-ACL-V12-Q-C3,FORMAL,ACL Anthology,Q-C3,Authorization / delegation / permission / access control,title_abstract,official bulk BibTeX export with abstracts,ACL-BULK-2026-08-14-6f169c7fbd9b91b6,6f169c7fbd9b91b62cfe76b334b993b4d4930f259df17eabed27383f40adfb87,2023-2026,46464,8,2026-08-14T09:07:08+00:00,COMPLETED,
FORMAL-ACL-V12-Q-D1,FORMAL,ACL Anthology,Q-D1,Security evaluation / red teaming / audit / verification,title_abstract,official bulk BibTeX export with abstracts,ACL-BULK-2026-08-14-6f169c7fbd9b91b6,6f169c7fbd9b91b62cfe76b334b993b4d4930f259df17eabed27383f40adfb87,2023-2026,46464,47,2026-08-14T09:07:08+00:00,COMPLETED,
FORMAL-ACL-V12-Q-D2,FORMAL,ACL Anthology,Q-D2,Runtime safeguards / monitoring / mediation,title_abstract,official bulk BibTeX export with abstracts,ACL-BULK-2026-08-14-6f169c7fbd9b91b6,6f169c7fbd9b91b62cfe76b334b993b4d4930f259df17eabed27383f40adfb87,2023-2026,46464,72,2026-08-14T09:07:08+00:00,COMPLETED,
FORMAL-ACL-V12-Q-D3,FORMAL,ACL Anthology,Q-D3,Containment / recovery / rollback / human intervention,title_abstract,official bulk BibTeX export with abstracts,ACL-BULK-2026-08-14-6f169c7fbd9b91b6,6f169c7fbd9b91b62cfe76b334b993b4d4930f259df17eabed27383f40adfb87,2023-2026,46464,21,2026-08-14T09:07:08+00:00,COMPLETED,
FORMAL-ACL-V12-Q-S0,FORMAL,ACL Anthology,Q-S0,Cross-cutting agent security/safety title safeguard,title_only,official bulk BibTeX export with abstracts,ACL-BULK-2026-08-14-6f169c7fbd9b91b6,6f169c7fbd9b91b62cfe76b334b993b4d4930f259df17eabed27383f40adfb87,2023-2026,46464,93,2026-08-14T09:07:08+00:00,COMPLETED,
FORMAL-ACL-V12-Q-S1,FORMAL,ACL Anthology,Q-S1,Prompt-injection title safeguard,title_only,official bulk BibTeX export with abstracts,ACL-BULK-2026-08-14-6f169c7fbd9b91b6,6f169c7fbd9b91b62cfe76b334b993b4d4930f259df17eabed27383f40adfb87,2023-2026,46464,34,2026-08-14T09:07:08+00:00,COMPLETED,
FORMAL-ACL-V12-Q-S2,FORMAL,ACL Anthology,Q-S2,Agent-memory benchmark title safeguard,title_only,official bulk BibTeX export with abstracts,ACL-BULK-2026-08-14-6f169c7fbd9b91b6,6f169c7fbd9b91b62cfe76b334b993b4d4930f259df17eabed27383f40adfb87,2023-2026,46464,7,2026-08-14T09:07:08+00:00,COMPLETED,
