"relation_record_id","study_id","source_hpat_id","target_hpat_id","relation_type","relation_status","evidence_status","partial_qualifier","source_locator"
"XREL-S-138-002-003","S-138","HPAT-S-138-002","HPAT-S-138-003","delegates_to","Established","Present-partial","design_only","PDF p. 10, Section 3.8 steps 3-4"
"XREL-S-150-001-001-REUSE","S-150","HPAT-S-150-001","","retrieved_or_reused_by","Established","Present-direct","","PDF pp. 15-16, Appendix B.2; pp. 18-21, Appendices B.5-B.6"
"XREL-S-150-003-003-REUSE","S-150","HPAT-S-150-003","","retrieved_or_reused_by","Established","Present-direct","","PDF pp. 16-17, Appendix B.3"
"XREL-S-150-005-005-PERSISTS","S-150","HPAT-S-150-005","","persists_to","Established","Present-direct","","PDF pp. 17-18, Appendix B.4; pp. 18-21, Appendices B.5-B.6"
"XREL-S-165-001-002","S-165","HPAT-S-165-001","HPAT-S-165-002","recovered_by","Established","Present-partial","subset","PDF Figure 3 and caption; Section 6 BACKBENCH scenario"
"XREL-S-165-001-003","S-165","HPAT-S-165-001","HPAT-S-165-003","contained_by","Established","Present-partial","subset","PDF Figure 3 and caption; Section 6 BACKBENCH scenario"
"XREL-S-165-002-004","S-165","HPAT-S-165-002","HPAT-S-165-004","produces_state","Established","Present-partial","subset","PDF Figure 3 and caption; Section 6 BACKBENCH scenario"
"XREL-S-165-003-004","S-165","HPAT-S-165-003","HPAT-S-165-004","produces_state","Established","Present-partial","subset","PDF Figure 3 and caption; Section 6 BACKBENCH scenario"
"XREL-S-165-004-005","S-165","HPAT-S-165-004","HPAT-S-165-005","influences","Established","Present-partial","subset","PDF Figure 3 and caption; Section 6 BACKBENCH scenario"
"XREL-S-023-001-002","S-023","HPAT-S-023-001","HPAT-S-023-002","influences","Established","Present-direct","","Eq. (5)-Eq. (6); Figure 4"
"XREL-S-049-007-006","S-049","HPAT-S-049-007","HPAT-S-049-006","propagates_to","Established","Present-direct","","Figure 4; Sections 5.1-5.4"
"XREL-S-007-003-004","S-007","HPAT-S-007-003","HPAT-S-007-004","produces_state","Established","Present-direct","","Sec. 5.2; Appendix Figure 14"
"XREL-S-036-003-004","S-036","HPAT-S-036-003","HPAT-S-036-004","influence","Established","Present-direct","","PDF pp. 5-6, Section 4; Appendix B, Figure 4 and caption"
"XREL-S-038-010-011","S-038","HPAT-S-038-010","HPAT-S-038-011","influences","Established","Present-direct","","Appendix K.3 Figures 23-24"
"XREL-S-038-016-017","S-038","HPAT-S-038-016","HPAT-S-038-017","influences","Established","Present-direct","","Appendix K.5 Figure 29"
"XREL-S-050-001-002","S-050","HPAT-S-050-001","HPAT-S-050-002","influence","Established","Present-partial","design_only","PDF pp. 1-3, Figure 2 and Section 4"
"XREL-S-041-005-006-STATE","S-041","HPAT-S-041-005","HPAT-S-041-006","produces_state","Established","Present-direct","design_only","PDF pp. 8 and 21; Section 4.2.4; Output 3"
"XREL-S-041-005-006-REUSE","S-041","HPAT-S-041-005","HPAT-S-041-006","retrieved_or_reused_by","Established","Present-direct","design_only","PDF pp. 8 and 21; Section 4.2.4; Output 3"
"XREL-S-063-002-003-INFLUENCES","S-063","HPAT-S-063-002","HPAT-S-063-003","influences","Established","Present-direct","design_only","PDF p. 4, Section 2.3; p. 15, Appendix B.2; p. 26, Appendix D.2"
"XREL-S-065-001-002","S-065","HPAT-S-065-001","HPAT-S-065-002","influences","Established","Present-direct","","PDF pp. 8-13, Section 5 and Appendices F-G; Appendix F trace and Figures 5-6; Table 2"
"REL-S-118-001-002","S-118","HPAT-S-118-001","HPAT-S-118-002","cross_tool_data_propagation","Established","Present-direct","","PDF pp.3-5, Sections 3.1-3.2 and limitations (text lines 83-106, 125-137, 151-160)"
"XREL-S-188-001-003","S-188","HPAT-S-188-001","HPAT-S-188-003","reuse","Established","Present-direct","","PDF pp. 3-5, Sections 3.1-3.4; pp. 36-37, Appendix E"
"XREL-S-188-002-004","S-188","HPAT-S-188-002","HPAT-S-188-004","reuse","Established","Present-direct","","PDF pp. 3-5, Sections 3.1-3.4; pp. 36-37, Appendix E"
"XREL-S-080-001-002-ADJ","S-080","HPAT-S-080-001","HPAT-S-080-002","influences","Established","Present-direct","design_only","S-080 PDF, Figure 1: get_calendar returns meeting details before the illustrated send_email call"
"XREL-S-181-001-002-ADJ","S-181","HPAT-S-181-001","HPAT-S-181-002","retrieved_or_reused_by","Established","Present-direct","design_only","S-181 PDF, Section 4.5, Case Study 1: Infection and Trigger & Execution"
